References,ID,Species,Latitude (°N),Longitude (°E),Optimal growth temperature (ºC),Cell volume (?m3),Activation energy (eV),Standard error of activation energy
Baars (1981),1,Actinocyclus octonarius,51.4,3.6,NA,262250,0.37,0.17
Baars (1981),2,Actinoptychus senarius,51.4,3.6,NA,660000,0.48,0.1
Thomas et al. (1973),3,Akashiwo sanguinea,32.9,-117.3,NA,132000,0.3,0.07
Boyd et al. (2013),4,Akashiwo sanguinea strain BWA,48.3,-124.7,25,132000,0.3,0.15
Boyd et al. (2013),5,Akashiwo sanguinea strain GBB,47.9,-124.6,25,132000,0.3,0.04
Boyd et al. (2013),6,Akashiwo sanguinea strain RMB,37,-122,25,132000,0.42,0.18
Boyd et al. (2013),7,Akashiwo sanguinea strain YRB,33.8,-118.4,25,132000,0.21,0.03
Laabir et al. (2011),8,Alexandrium catenella,43.4,3.7,27,9740,0.35,0.13
Navarro et al. (2006),9,Alexandrium catenella ,-46.7,-75.9,14,9740,0.97,1.39
Etheridge & Roesler (2005),10,Alexandrium fundyense strain BoF,44.7,-66.5,15,11800,0.84,0.17
Etheridge & Roesler (2005),11,Alexandrium fundyense strain MI,43.6,-69.5,15,11800,1.05,0.3
Cannon (1993),12,Alexandrium minutum,-34.8,138.5,20,9610,0.99,0.45
Juhl (2005),13,Alexandrium monilatum,30.2,-88.8,NA,60200,0.44,0.27
Jensen & Moestrup (1997),14,Alexandrium ostenfeldii clone LF-37,56.6,9.1,20.3,18875,1.11,0.12
Morton et al. (1992),15,Amphidinium klebsii,24.7,-81.1,27,11100,1.6,0.25
Kitaya et al. (2008),16,Amphidinium sp.,26.3,127.7,26,1840,0.95,0.13
Admiraal (1977),17,Amphiprora paludosa,53.6,8.3,25,1930,0.63,0.03
Hulburt (1982),18,Amphiprora sp.,28.9,50.8,28,1930,0.9,0.2
Hulburt (1982),23,Asterionellopsis glacialis,41.9,-70.3,17,4440,0.27,0.26
Baars (1981),25,Biddulphia aurita,51.4,3.6,12,11105.71429,0.68,0.15
Baars (1981),26,Biddulphia regia,51.4,3.6,12,808000,0.76,NA
Baars (1981),27,Biddulphia sinensis,51.4,3.6,NA,932250,0.26,0.17
Buitenhuis et al. (2008),28,Calcidiscus leptoporus strain N482-1,-23,14,NA,308,1.92,1.16
Buitenhuis et al. (2008),29,Calcidiscus leptoporus strain NS10-2,-34.3,17.2,12,291,8.56,NA
Baek et al. (2008),30,Ceratium furca,35.2,139.4,24,126000,1.26,0.31
Meeson & Sweeney (1982),31,Ceratium furca,NA,NA,NA,90000,0.94,0.08
Baek et al. (2008),33,Ceratium fusus,35.2,139.2,26,178000,1.1,0.31
Thompson et al. (1992),34,Chaetoceros calcitrans,NA,NA,NA,51.3,0.69,0.07
Reay et al. (1999),35,Chaetoceros curvisetum,56.4,3.8,NA,1090,0.24,0.11
Baars (1981),36,Chaetoceros debilis,51.4,3.6,12,11053.33333,0.94,NA
Baars (1981),37,Chaetoceros diadema,51.4,3.6,NA,16266.66667,0.95,0.15
Thompson et al. (1992),38,Chaetoceros gracilis,NA,NA,NA,76.9,0.49,0.11
Suzuki & Takahashi (1995),39,Chaetoceros pseudocurvisetus,35.2,139.4,25,1839,0.49,NA
Montagnes & Franklin (2001),40,Chaetoceros simplex,NA,NA,NA,167.8571429,0.61,0.29
Thompson et al. (1992),41,Chaetoceros simplex,NA,NA,NA,166,0.74,0.11
Lomas & Glibert (1999),42,Chaetoceros sp.,37.6,-76.2,NA,63.75,0.46,0.07
Renaud et al. (2002),43,Chaetoceros sp. strain CS256,-17.5,146,30,66,0.24,0.11
Suzuki & Takahashi (1995),44,Chaetoceros sp.,74.7,-95.2,5.2,2330,0.19,0.29
Thomas (1966),45,Chaetoceros sp.,9.8,-89.2,29,202,0.83,0.16
Baars (1981),46,Chaetoceros teres,51.4,3.6,NA,24733.33333,0.73,0.03
Kahn et al. (1998),47,Chattonella marina,31.4,130.7,25,11500,0.45,0.17
Wang et al. (2011),48,Chattonella marina,22.6,114.5,25,11500,0.85,0.7
Nakamura & Watanabe (1983),49,Chattonella marina var. antiqua,34.5,134.6,25,11500,1.23,0.09
Teoh et al. (2004),54,Chlamydomonas UMACC 229,-66.3,110.5,9,144,0.69,0.47
Cho et al. (2007),55,Chlorella ellipsoidea,NA,NA,25,14,0.36,0.14
James et al. (1989),56,Chlorella MFD1,29.3,48.1,25,22.5,0.2,0.03
Hobson (1974),62,Chroomonas salina,NA,NA,NA,245,0.41,0.03
Edvardsen & Paasche (1992),63,Chrysochromulina polylepis strain K,58.5,9.5,19,180,0.59,0.06
Edvardsen & Paasche (1992),64,Chrysochromulina polylepis strain B4,59,10.8,14,180,0.66,0.25
Edvardsen & Paasche (1992),65,Chrysochromulina polylepis strain B3,59,10.8,14,180,0.73,0.35
Buitenhuis et al. (2008),69,Coccolithus pelagicus ssp. braarudii,-25,12,15,1290,0.87,0.2
Paasche (1967),70,Coccolithus huxleyi,NA,NA,20.6,17.5,1,0.01
Kim et al. (2004),71,Cochlodinium polykrikoides,NA,NA,NA,24600,0.98,0.15
Yamatogi et al. (2005),72,Cochlodinium polykrikoides strain 02B1,32.9,128.3,27.5,24600,1.01,0.1
Yamatogi et al. (2005),73,Cochlodinium polykrikoides strain 02B2,32.9,128.3,27.5,24600,1.01,0.12
Yamatogi et al. (2005),74,Cochlodinium polykrikoides strain 03H1,34.3,129.2,27.5,24600,0.8,0.1
Yamatogi et al. (2005),75,Cochlodinium polykrikoides strain KG8-ND14,33,129.1,27.5,24600,0.83,0.04
Guillard & Ryther (1962),77,Conticribra guillardii clone 7-15,39.6,-70.1,15,981,0.84,0.27
Morton et al. (1992),78,Coolia monotis,24.7,-81.1,29,16600,1.74,0.24
Fiala & Oriol (1990),79,Corethron pennatum,-58,62,4,38000,0.41,0.26
Baars (1981),80,Coscinodiscus concinnus,51.4,3.6,12,7285714.286,0.88,0.16
Baars (1981),81,Coscinodiscus granii,51.4,3.6,NA,2204000,0.43,0.14
Baars (1981),82,Coscinodiscus Jonesianus var. commutata,51.4,3.6,NA,83200,0.39,0.23
Baars (1981),83,Coscinodiscus pavillardii,51.4,3.6,NA,3186666.667,0.21,0.01
Baars (1981),84,Coscinodiscus radiatus,51.4,3.6,NA,205000,0.38,0.42
Montagnes & Franklin (2001),85,Coscinodiscus sp.,NA,NA,16,2467634,1.1,0.4
Boyd et al. (2013),92,Crocosphaera watsonii strain 3A,7,-49.3,28,33.5,0.75,0
Boyd et al. (2013),93,Crocosphaera watsonii strain 84,7,-49.3,28,33.5,0.2,0.06
Boyd et al. (2013),94,Crocosphaera watsonii WH005,7,-49.3,28,33.5,0.26,0.03
Renaud et al. (2002),98,Cryptomonas sp. strain CRFI01,-16.9,146,NA,47,NA,NA
Throndsen (1976),99,Cryptomonas sp. strain F,60.3,5.2,22,47,0.28,0.04
Montagnes & Franklin (2001),100,Cyclotella cryptica,NA,NA,NA,705.2,0.24,0.04
Guillard & Ryther (1962),103,Cyclotella nana,NA,NA,NA,169,0.34,0.2
Maddux & Jones (1964),104,Cylindrotheca closterium,40.4,-74,22.5,80.1,0.77,0.3
Renaud et al. (1995),105,Cylindrotheca closterium,-12.5,130.8,NA,80.1,NA,NA
Ignatiades & Smayda (1970),106,Dactyliosolen fragilissimus,41.6,-71.3,18,120166,0.47,0.05
Guillard & Ryther (1962),108,Detonula confervacea,41.6,-71.3,10,2990,0.62,NA
Smayda (1969),109,Detonula confervacea,41.6,-71.3,NA,2990,0.36,0.24
Suzuki & Takahashi (1995),110,Detonula confervacea,44.1,143.8,NA,2990,0.47,0.15
Baars (1981),112,Ditylum brightwellii,NA,NA,12,101883.3333,1.13,0.19
Montagnes & Franklin (2001),113,Ditylum brightwellii,NA,NA,20,16300,0.35,0.12
Paasche (1968),114,Ditylum brightwellii,NA,NA,26,33400,0.39,0.09
Reay et al. (1999),115,Dunaliella tertiolecta strain CCAP 19/6B,59.5,10.6,20,227,0.57,0.28
Sosik & Mitchell (1994),116,Dunaliella tertiolecta,NA,NA,NA,182.5,0.62,0.1
Thompson et al. (1992),117,Dunaliella tertiolecta,NA,NA,NA,227,0.92,0.16
Buitenhuis et al. (2008),118,Emiliania huxleyi R strain TQ26,-42.2,169.5,20,35.6,0.92,0.25
Conte et al. (1998),119,Emiliania huxleyi strain G1779Ga,60,-20,21,35.6,0.7,0.08
Conte et al. (1998),120,Emiliania huxleyi strain B92/21,60.4,5.6,18,35.6,0.53,0.05
Conte et al. (1998),121,Emiliania huxleyi strain Van556,49.7,-144.7,18,35.6,0.18,0.02
Conte et al. (1998),122,"Emiliania huxleyi strain M181, Bigelow 1A1",32,-62,24,35.6,0.82,0.1
Rhodes et al. (1995),123,Emiliania huxleyi,-47,168.1,20,35.6,0.87,NA
Watabe & Wilbur (1966),124,Emiliania huxleyi,32.2,-64.5,18,35.6,0.75,NA
Conte et al. (1998),125,Emiliania huxleyi strain S. Africa,-29.8,31,24,35.6,0.68,0.09
Mjaaland (1956),126,Emiliania huxleyi clone M,66,2,20,35.6,0.9,0.02
Nishikawa & Yamaguchi (2006),127,Eucampia zodiacus,34.5,134.6,20,20000,0.67,0.06
Throndsen (1976),129,Eutreptiella gymnastica,59.5,10.5,20,14700,0.4,0.1
de Boer et al. (2005),130,Fibrocapsa japonica strain CAWR-19,-41.3,174.9,25,4131.25,0.48,0.1
de Boer et al. (2005),131,Fibrocapsa japonica strain CCRuG-C13,54.1,8.9,24.5,3548.333333,0.43,0.12
de Boer et al. (2005),132,Fibrocapsa japonica strain CS-332,34.3,134.3,24.5,4256.666667,0.84,0.22
Khan et al. (1996),133,Fibrocapsa japonica,NA,NA,25,4380,0.31,0.15
Karsten et al. (2005),134,Fragilaria barbararum,NA,NA,NA,146,0.52,0.1
Karsten et al. (2005),136,Fragilaria striatula,NA,NA,NA,634,0.62,0.13
Fiala & Oriol (1990),137,Fragilariopsis cylindrus,-58,62,5,23.6,0.1,0.13
Fiala & Oriol (1990),138,Fragilariopsis kerguelensis,-58,62,4,825,0.41,0.14
Morton et al. (1992),139,Gambierdiscus toxicus,24.7,-81.1,29,84100,1.44,0.33
Buitenhuis et al. (2008),140,Gephyrocapsa oceanica,NA,NA,NA,48,0.75,0.35
Conte et al. (1998),141,"Gephyrocapsa oceanica strain AB1, CAWPOT",-36.3,174.8,24,48,0.53,0.12
Rhodes et al. (1995),142,"Gephyrocapsa oceanica strain AB1, CAWPOT",-36.3,174.8,20,48,0.51,0.18
Bollmann et al. (2010),143,Gephyrocapsa oceanica var. typica strain A4725,25.7,-80.1,27,48,0.53,0.08
Bollmann et al. (2010),144,Gephyrocapsa oceanica var. typica strain A4727,25.7,-80,27,48,0.61,0.25
Meeson & Sweeney (1982),146,Gonyaulax polyedra,NA,NA,NA,32349.33333,1.4,0.51
Langdon (1987),147,Gonyaulax tamarensis,NA,NA,NA,16200,0.86,0.04
Watras et al. (1982),148,Alexandrium tamarense clone GTMP,41.8,-70,20,8840,0.75,0.13
Baars (1981),149,Guinardia flaccida,NA,NA,NA,85900,0.44,0.2
Nielsen & Tønseth (1991),150,Gymnodinium aureolum,59.5,10.5,20,3360,1,0.32
Band-Schmidt (2004),151,Gymnodinium catenatum strain GCCV-10,26.7,-111.8,29,50400,0.32,0.06
Bravo & Anderson (1994),152,Gymnodinium catenatum,42.4,-9,22.5,40100,1,0.23
Sundström et al. (2009),153,Gymnodinium corollarium clone GCTV-B4,58.9,20.3,4,5240,0.39,0.02
Thomas (1966),154,Gymnodinium isolate 581 (probably G. simplex),9.8,-89.2,28,567,0.4,0.1
Thomas (1966),155,Gymnodinium isolate 582 (probably G. simplex),14.7,-97,23,567,0.77,0.15
Nagasoe et al. (2006),156,Gyrodinium instriatum,NA,NA,25,24800,1.01,0.22
Chin et al. (1965),159,Helicotheca tamesis,24.5,118.1,25,66700,1.43,0.55
Throndsen (1976),160,Heterocapsa rotundata,59.5,10.5,20,102,0.48,0.16
Aelion & Chisholm (1985),161,Heterocapsa triquetra,NA,NA,16,1564,0.54,0.04
Throndsen (1976),162,Heteromastix pyriformis,69.7,19,22,113,0.32,0.14
Ono et al. (2000),163,Heterosigma akashiwo,34.5,134.6,25,905,0.5,0.13
Montagnes & Franklin (2001),164,Isochrysis galbana,NA,NA,NA,80.75,0.09,0.03
Renaud et al. (1995),165,"Isochrysis galbana clone T-ISO, NEPCC 601",-14.9,-148.7,25,59,0.96,0.27
Renaud et al. (2002),166,"Isochrysis galbana clone T-ISO, NEPCC 601",-14.9,-148.7,27,59,0.69,NA
Thompson et al. (1992),167,Isochrysis galbana,NA,NA,NA,59,0.52,0.21
Hobson (1974),168,"Isochrysis galbana strain CCMP1323, Iso.",54.1,-4.8,NA,85,0.63,0.07
Renaud et al. (1995),169,Isochrysis sp. strain PS11,-18.5,121.8,20,85,1.15,0.07
McKay et al. (2006),170,Karenia brevis strain MAN,27,-82.4,23,603,0.32,0.08
McKay et al. (2006),171,Karenia brevis strain APA,29.7,-85,25,603,0.98,0.21
Yamaguchi & Honjo (1989),172,Karenia mikimotoi,33.8,131.3,25,8143,0.83,0.09
Nielsen (1996),173,Karlodinium veneficum strain KT76E,59.5,10.5,20,808,0.54,0.08
Vona et al. (2004),175,Koliella antarctica,-74.8,164.5,10,6.16,1.24,NA
Baars (1981),176,Lauderia annulata,51.4,3.6,16,15142,0.8,0.02
Meier et al. (2004),177,Leonella granifera,8.7,-52.5,28,524,1.11,0.25
Meier et al. (2004),178,Leonella granifera,7,-48.2,29,524,0.77,0.27
Verity (1982),179,Leptocylindricus danicus,NA,NA,15,1160,1.51,0.04
Hulburt (1982),180,Leptocylindrus danicus,28.9,50.8,28,1160,0.96,0.31
Throndsen (1976),190,Micromonas pusilla,59.5,10.5,20,1,0.21,0.21
Lovejoy et al. (2007),191,Micromonas sp. strain CCMP2099,76.3,-74.8,6,8.18,0.94,0.28
Falcón et al. (2005),192,N-fixing unicellular cyanobacterium strain A 2.5,12.3,-56,28,8.18,6.29,2.77
Falcón et al.  (2005),193,N-fixing unicellular cyanobacterium strain P-3,22.8,-158,30,14.1,3.1,1.42
Falcón et al.  (2005),194,N-fixing unicellular cyanobacterium strain P-7,22.8,-158,28,180,4.29,2.23
Cho et al. (2007),195,Nannochloris oculata,NA,NA,25,0.52,0.18,0.06
Thomas (1966),196,Nannochloris sp.,NA,NA,30,10,0.84,0.15
Sandnes et al. (2005),197,Nannochloropsis oceanica,60,5.5,29,15,0.51,0.08
James et al. (1989),198,Nannochloropsis strain MFD2,29.3,47.5,15,15,NA,NA
Admiraal (1977),199,Navicula arenaria,53.6,8.3,16,4160,1.04,0.27
Baars (1981),201,Navicula sp.,51.4,3.6,12,13500,0.55,NA
Nordli (1957),202,Neoceratium furca,59.7,10.6,20,145000,1.1,0.46
Nordli (1957),203,Neoceratium fusus,59.7,10.6,15,158000,0.84,NA
Nordli (1957),204,Neoceratium lineatum,59.7,10.6,20,53600,0.91,0.21
Montresor & Tomas (1988),205,Neoceratium tripos,59.7,10.6,20,8.00E+05,0.1,0.01
Miller & Kamykowski (1986),206,Nitzschia americana,NA,NA,NA,4700,0.33,0.07
Admiraal (1977),207,Nitzschia dissipata,53.6,8.3,NA,243,0.7,0.09
Renaud et al. (1995),208,Nitzschia paleacea strain NT7,-12.5,130.8,15,44.75,0.9,NA
Smith et al. (1994),209,Nitzschia seriata,74.7,-95.8,10,616.5714286,0.35,0.1
Admiraal (1977),210,Nitzschia sigma,53.6,8.3,NA,3300,0.29,0.07
Hulburt (1982),211,Odontella mobiliensis,6,-54,27,27700,1.11,0.31
Langdon (1987),212,Olisthodiscus luteus,NA,NA,NA,1150,0.61,0.13
Throndsen (1976),213,Olisthodiscus luteus,59.5,10.5,15,1150,0.77,0.3
Tomas (1978),214,Olisthodiscus luteus clone OLMS,41.6,-71.3,25,1150,0.44,0.06
Tomas (1978),215,Olisthodiscus luteus clone OLMS,41.6,-71.3,NA,1150,NA,NA
Kulk et al. (2012),223,Ostreococcus sp.,NA,NA,20,0.551333333,0.83,NA
Morton et al. (1992),224,Ostreopsis heptagona,24.7,-81.1,25,2.00E+05,1.39,0.13
Morton et al. (1992),225,Ostreopsis siamensis,24.7,-81.1,25,64700,1.92,0.59
Thompson et al. (1992),227,Pavlova lutheri,NA,NA,NA,102,0.65,0.11
Kulk et al. (2012),229,Pelagomonas calceolata,NA,NA,NA,7.62,0.51,0.19
Barker (1935),230,Peridinium sp.,36.6,-121.9,18,9490,0.78,0.12
Meier et al. (2004),231,Pernambugia tuberosa strain GeoB*74,-11.5,-28.6,22,8181,0.94,0.19
Wang et al. (2010),232,Phaeocystis antarctica strain CCMP 1871,-64.8,-64.1,4,113,1.27,0.63
Wang et al. (2010),233,Phaeocystis globosa strain CCMP 1528,-1.4,-89.7,20,65,3.2,NA
Grimm & Weisse (1985),234,Phaeocystis pouchetii,54.9,8.3,15,80,0.91,0.12
Fawley (1984),235,Phaeodactylum tricornutum clone Pet Pd,41.7,-70.2,23,9.221666667,0.38,0.06
Johnston (1996),236,Phaeodactylum tricornutum strain CCAP 1052/1A,50.4,-4.2,21,128,0.49,0.16
Kräbs & Büchel (2011),237,Phaeodactylum tricornutum strain NEPCC 640,49.3,-123.2,18,128,0.18,NA
Kräbs & Büchel (2011),238,Phaeodactylum tricornutum strain CCMP633,13.8,144.8,NA,128,0.22,0.04
Kudo et al. (2000),239,Phaeodactylum tricornutum,NA,NA,NA,132.25,0.34,0.04
Li & Morris (1982),240,Phaeodactylum tricornutum,NA,NA,NA,80,0.7,0.13
Montagnes & Franklin (2001),241,Phaeodactylum tricornutum,NA,NA,20,118.5454545,0.56,0.07
Morris & Glover (1974),242,Phaeodactylum tricornutum,NA,NA,NA,128,0.43,0.21
Ryther (1954),243,Phaeodactylum tricornutum,40.7,-73.1,15,128,0.35,0.09
Thompson et al. (1992),244,Phaeodactylum tricornutum,NA,NA,NA,128,0.43,0.07
Ryther (1954),245,Picochlorum atomus,40.7,-73.1,20,8.2,1.22,0.53
Dermoun & Chaumont (1992),246,Porphyridium cruentum,NA,NA,20,144,1.22,0.48
Boyd et al. (2013),247,Proboscia inermis,-60,145,5,99631,0.38,0.03
Johnson et al. (2006),248,Prochlorococcus marinus eMED4,43.2,6.9,24,0.16,0.75,0.12
Johnson et al. (2006),249,Prochlorococcus marinus strain MIT9215 (clade 1),0,-140,25,0.16,1.07,0.07
Johnson et al. (2006),250,Prochlorococcus marinus strain MIT9312 (clade 1),37.5,-68.2,25,0.16,0.81,0.07
Kulk et al. (2012),251,Prochlorococcus marinus,NA,NA,NA,0.230333333,0.93,0.02
Zinser et al. (2007),252,Prochlorococcus marinus strain NATL2A,39,-49.3,24,0.16,0.69,0.07
Zinser et al. (2007),253,Prochlorococcus marinus strain MIT9313,37.5,-68.2,28,0.16,0.57,0.06
Moore et al. (1995),254,Prochlorococcus marinus MED4,43.2,6.9,24,0.16,1.07,0.13
Moore et al. (1995),255,Prochlorococcus marinus SS120,29,-64.4,24,0.16,1.02,0.24
Kulk et al. (2012),256,Prochlorococcus sp.,NA,NA,NA,0.327,1.18,NA
Morton et al. (1992),257,Prorocentrum concavum,24.7,-81.1,27,68700,1.66,0.2
Xu et al. (2010),258,Prorocentrum dentatum,NA,NA,NA,806,0.85,0.14
Boyd et al. (2013),259,Prorocentrum donghaiense,21.4,-157.8,20,806,1.31,NA
Barker (1935),260,Prorocentrum gracile,36.6,-121.9,18,2360,1.41,0.06
Morton et al. (1992),261,Prorocentrum lima,24.7,-81.1,27,23600,1.97,0.38
Morton et al. (1992),262,Prorocentrum mexicanum,24.7,-81.1,27,7137,2.34,0.38
Barker (1935),263,Prorocentrum micans,36.6,-121.9,NA,16300,0.75,0.09
Grzebyk & Berland (1996),264,Prorocentrum minimum,43.3,5.3,26.5,2070,0.4,0.06
Lomas & Glibert (1999),265,Prorocentrum minimum,NA,NA,NA,1770,0.58,0.02
Larsen & Bryant (1998),266,Prymnesium parvum,NA,NA,NA,592,1.32,0.19
Larsen & Bryant (1998),267,Prymnesium parvum,NA,NA,NA,592,0.68,0.01
Larsen & Bryant (1998),268,Prymnesium patelliferum,NA,NA,NA,592,0.84,0.34
Larsen & Bryant (1998),269,Prymnesium patelliferum,NA,NA,NA,592,0.41,0.16
Larsen & Bryant (1998),270,Prymnesium parvum f. patelliferum strain RHpat93,59.5,6.2,15,592,0.65,0.14
El-Sabaawi & Harrison (2006),271,Pseudo-nitzschia granii,45,-145,14,425,0.41,0.14
Lewis et al. (1993),272,Pseudo-nitzschia multiseries,45.6,-61.8,20,1650,0.45,0.04
Fiala & Oriol (1990),273,Pseudo-nitzschia turgiduloides,-58,62,3,282,1.48,0.16
Lundholm et al. (1997),274,Pseudonitzschia pseudodelicatissima,NA,NA,NA,298,0.9,0.14
Stapleford & Smith (1996),275,Pseudonitzschia seriata,71.7,-95.8,6,1110,0.33,0.09
Throndsen (1976),276,Pseudopedinella pyriformis,59.5,10.5,11,80,0.76,NA
Throndsen (1976),277,Pyramimonas disomata,59.5,10.5,NA,47.7,NA,NA
Usup et al. (1994),278,Pyrodinium bahamense var. compressum ,6,116.1,28.5,21700,0.49,0.04
Baars (1981),279,Rhizosolenia alata f. indica,51.4,3.6,20,28866.66667,1.49,NA
Baars (1981),279,Rhizosolenia alata f. indica,52.4,4.6,20,28866.66667,1.49,NA
Baars (1981),279,Rhizosolenia alata f. indica,53.4,5.6,20,28866.66667,1.49,NA
Ignatiades & Smayda (1970),280,Rhizosolenia fragilissimus,41.5,-71.4,18,13100,0.47,0.05
Baars (1981),281,Rhizosolenia robusta,51.4,3.6,20,1200000,0.65,0.12
Baars (1981),282,Rhizosolenia setigera,51.4,3.6,12,831.8,0.83,0.21
Hulburt (1982),283,Rhizosolenia setigera,6,-54,27,755,0.7,0.21
Baars (1981),284,Rhizosolenia stolterfothii,51.4,3.6,NA,28333.33333,NA,NA
Montagnes & Franklin (2001),285,Rhodomonas salina,NA,NA,16,307.2,0.63,0.08
Binder & Anderson (1987),292,Scrippsiella trochoidea strain ScrpMxB,41.6,-70.6,16.5,8470,0.33,0.04
Kaeriyama et al. (2011),294,Skeletonema ardens strain FDK003,33.9,130.8,NA,167,0.39,0.07
Kaeriyama et al. (2011),295,Skeletonema ardens strain FDK004,33.9,130.8,NA,167,0.45,0.2
Kaeriyama et al. (2011),296,Skeletonema ardens strain FDK005,33.9,130.8,NA,167,0.55,0.19
Kaeriyama et al. (2011),297,Skeletonema ardens strain FDK006,33.9,130.8,NA,167,0.37,0.06
Kaeriyama et al. (2011),298,Skeletonema ardens strain FDK007,33.9,130.8,NA,167,0.38,0.06
Baars (1981),299,Skeletonema costatum,51.4,3.6,12,258,0.69,NA
Chin et al. (1965),300,Skeletonema costatum,24.5,118.1,25,258,0.82,0.31
Curl & McLeod (1961),301,Skeletonema costatum,41.5,-70.7,15,258,1.2,0.08
Falkowski (1977),302,Skeletonema costatum clone SK6C,41.6,-71.3,24,258,0.79,0.26
Gao et al. (2000),303,Skeletonema costatum,NA,NA,NA,247,0.67,0.11
Hulburt (1982),304,Skeletonema costatum clone FHS 3,48.5,-123,NA,258,0.4,0.07
Jorgensen (1968),305,Skeletonema costatum,NA,NA,NA,183.5,0.42,0.11
Kaeriyama et al. (2011),306,Skeletonema costatum s.s. strain FDK009,33.9,130.8,25,258,0.62,0.17
Langdon (1987),307,Skeletonema costatum,NA,NA,NA,161,0.5,0.07
Montagnes and Franklin (2001),308,Skeletonema costatum,NA,NA,20.1,202.6,0.4,0.11
Suzuki & Takahashi (1995),309,Skeletonema costatum,35.5,140,25,376,0.64,0.15
Yoder (1979),310,Skeletonema costatum,NA,NA,NA,441.2,0.68,0.08
Kaeriyama et al. (2011),311,Skeletonema japonicum,33.9,130.8,20,327,0.43,0.25
Kaeriyama et al. (2011),312,Skeletonema japonicum,33.9,130.8,NA,327,0.27,0.06
Kaeriyama et al. (2011),313,Skeletonema japonicum,33.9,130.8,NA,327,0.23,0.05
Kaeriyama et al. (2011),314,Skeletonema japonicum strain FDK157,33.9,130.8,20,327,0.2,0.36
Kaeriyama et al. (2011),315,Skeletonema japonicum strain FDK154,33.9,130.8,20,327,0.17,0.13
Kaeriyama et al. (2011),316,Skeletonema marinoionohrnii complex strain FDK032,33.9,130.8,NA,166,0.21,0.06
Kaeriyama et al. (2011),317,Skeletonema marinoionohrnii complex,33.9,130.8,25,166,0.3,0.04
Kaeriyama et al. (2011),318,Skeletonema marinoionohrnii complex,33.9,130.8,NA,166,0.16,0.05
Kaeriyama et al. (2011),319,Skeletonema marinoionohrnii complex,33.9,130.8,25,166,0.21,0.08
Kaeriyama et al. (2011),320,Skeletonema marinoionohrnii complex,33.9,130.8,NA,166,0.15,0.01
Kaeriyama et al. (2011),321,Skeletonema menzelii,33.9,130.8,NA,56.5,0.47,0.08
Kaeriyama et al. (2011),322,Skeletonema menzelii,33.9,130.8,30,56.5,0.49,0.11
Kaeriyama et al. (2011),323,Skeletonema menzelii,33.9,130.8,25,56.5,0.62,0.1
Kaeriyama et al. (2011),324,Skeletonema menzelii,33.9,130.8,30,56.5,0.39,0.12
Kaeriyama et al. (2011),325,Skeletonema pseudocostatum,33.9,130.8,NA,198,0.36,0.09
Hulburt (1982),326,Skeletonema tropicum clone fall,6,-54,31,2500,0.61,0.29
Hulburt (1982),327,Skeletonema tropicum clone spring,6,-54,NA,2500,0.91,0.37
Hulburt & Guillard (1968),328,Skeletonema tropicum,NA,NA,NA,2500,1.63,0.66
Hulburt & Guillard (1968),329,Skeletonema tropicum,NA,NA,NA,2500,1.02,0.34
Kaeriyama et al. (2011),330,Skeletonema tropicum,33.9,130.8,25,2500,0.3,0.08
Kaeriyama et al. (2011),331,Skeletonema tropicum,33.9,130.8,25,2500,0.4,0.07
Kaeriyama et al. (2011),332,Skeletonema tropicum,33.9,130.8,NA,2500,0.3,0.11
Kaeriyama et al. (2011),333,Skeletonema tropicum,33.9,130.8,NA,2500,0.31,0.04
Kaeriyama et al. (2011),334,Skeletonema tropicum,33.9,130.8,25,2500,0.6,0.23
Fiala & Oriol (1990),344,Stellarima microtrias,-58,62,4,53900,0.08,0.11
Baars (1981),346,Stephanopyxis palmeriana,51.4,3.6,20,454000,0.35,NA
Schöne (1982),347,Stephanopyxis palmeriana,22.5,-16.5,20,454000,0.24,0.04
Ryther (1954),348,Stichococcus cylindricus,40.7,-73.1,15,5.3,1.99,NA
Boyd et al. (2013),349,Synechococcus CCFWC502,-11.7,-32,20,0.956,2.29,NA
Moore et al. (1995),350,Synechococcus WH8103,28.5,-67.4,28,0.956,0.7,0.1
Fiala & Oriol (1990),352,Synedra sp.,-58,62,5,47100,0.26,0.09
Maddux & Jones (1964),353,Tetraselmis sp.,32.2,-64.5,22.5,2570,0.83,0.43
Hulburt (1982),354,Thalassionema nitzschioides,6,-54,24,424,0.67,0.8
Aydin et al. (2009),355,Thalassiosira allenii,38.6,26.7,NA,4320,0.21,0.06
Popovich & Gayoso (1999),356,Thalassiosira curviseriata,NA,NA,NA,456,0.5,0.04
Baars (1981),357,Thalassiosira decipiens,51.4,3.6,18,6230,0.87,0.22
Baars (1981),358,Thalassiosira eccentrica,51.4,3.6,16,297666.6667,1.13,0.05
Montagnes & Franklin (2001),359,Thalassiosira eccentrica,NA,NA,NA,59905,0.22,0.11
Hobson (1974),360,Thalassiosira fluviatilis,NA,NA,NA,1430,0.88,0.14
Baars (1981),361,Thalassiosira hendeyi,51.4,3.6,NA,237333.3333,0.54,0.02
Baars (1981),362,Thalassiosira levanderi,51.4,3.6,NA,655.6666667,0.64,0.11
Baars (1981),363,Thalassiosira nordenskioeldii,51.4,3.6,12,7376.25,0.61,0.13
Suzuki & Takahashi (1995),364,Thalassiosira nordenskioeldii,44.1,143.8,NA,5270,0.35,0.08
Durbin (1974),365,Thalassiosira nordenskioeldii clone TN-2,41.6,-71.3,NA,2570,0.75,0.13
Berges et al. (2002),366,Thalassiosira pseudonana,NA,NA,NA,43,0.51,0.19
Brand & Guillard (1981),367,Thalassiosira pseudonana,NA,NA,NA,91.3,0.57,0.19
Brand & Guillard (1981),368,Thalassiosira pseudonana,NA,NA,NA,91.3,0.99,0.11
Brand & Guillard (1981),369,Thalassiosira pseudonana,NA,NA,NA,91.3,1.63,0.46
Brand & Guillard (1981),370,Thalassiosira pseudonana,NA,NA,NA,91.3,1.25,0.22
Brand & Guillard (1981),371,Thalassiosira pseudonana,NA,NA,NA,91.3,0.92,0.08
Brand & Guillard (1981),372,Thalassiosira pseudonana,NA,NA,NA,91.3,0.85,0.11
Brand & Guillard (1981),373,Thalassiosira pseudonana,NA,NA,NA,91.3,0.77,0.09
Brand & Guillard (1981),374,Thalassiosira pseudonana,NA,NA,NA,91.3,0.67,0.13
Brand & Guillard (1981),375,Thalassiosira pseudonana,NA,NA,NA,91.3,0.63,0.09
Brand & Guillard (1981),376,Thalassiosira pseudonana,NA,NA,NA,91.3,0.84,0.27
Brand & Guillard (1981),377,Thalassiosira pseudonana,NA,NA,NA,91.3,1.05,0.12
Brand & Guillard (1981),378,Thalassiosira pseudonana,NA,NA,NA,91.3,1.02,0.23
Brand & Guillard (1981),379,Thalassiosira pseudonana,NA,NA,NA,91.3,0.77,0.16
Goldman & Carpenter (1974),380,Thalassiosira pseudonana,NA,NA,NA,91.3,0.76,0.3
Guillard & Ryther (1962),381,Thalassiosira pseudonana clone 5A,40.8,-72.8,20,91.3,0.95,0.21
Thompson et al. (1992),382,Thalassiosira pseudonana,40.8,-72.8,NA,77.1,0.52,0.06
Boyd et al. (2013),383,Thalassiosira pseudonana strain CCMP1011,17.8,64.8,25,91.3,0.54,0.07
Boyd et al. (2013),384,Thalassiosira pseudonana strain CCMP1012,-32,-115.8,25,91.3,0.73,0.13
Boyd et al. (2013),385,Thalassiosira pseudonana strain CCMP1013,53.3,-3.8,25,91.3,0.78,0.17
Boyd et al. (2013),386,Thalassiosira pseudonana strain CCMP1014,28,155,25,91.3,0.49,0.09
Boyd et al. (2013),387,Thalassiosira pseudonana strain CCMP1015,48.5,123,25,91.3,0.48,0.04
Boyd et al. (2013),388,Thalassiosira pseudonana strain CCMP1016,40.8,72.8,30,91.3,0.42,0.08
Baars (1981),389,Thalassiosira rotula,51.4,3.6,16,38111.11111,1.28,0.3
Krawiec (1982),390,Thalassiosira rotula clone A8,41.6,-71.3,NA,40500,0.76,0.11
Krawiec (1982),391,Thalassiosira rotula clone C8,27.5,-115,25,40500,0.43,0.06
Boyd et al. (2013),392,Thalassiosira rotula strain CCAP1085_21,41,14.3,17,40500,0.57,0.13
Boyd et al. (2013),393,Thalassiosira rotula strain CCMP1647,41,14.3,17,40500,0.81,NA
Boyd et al. (2013),394,Thalassiosira rotula strain CCMP3264,40.5,14.1,17,40500,0.72,0.27
Boyd et al. (2013),395,Thalassiosira rotula strain GSO101,49.7,-127.4,17,40500,0.45,0.12
Boyd et al. (2013),396,Thalassiosira rotula strain JPNTR18,34.2,133.3,17,40500,0.34,0.08
Boyd et al. (2013),397,Thalassiosira rotula strain p17f4,49.7,-127.4,NA,40500,0.67,0.15
Boyd et al. (2013),398,Thalassiosira weissflogii,39.5,-9.3,20,615,0.8,0.29
Lomas & Glibert (1999),399,Thalassiosira weissflogii,NA,NA,NA,1523.333333,0.64,0.04
Montagnes & Franklin (2001),400,Thalassiosira weissflogii,NA,NA,13,1959,2.24,NA
Strzepek & Price (2000),401,Thalassiosira weissflogii,NA,NA,NA,654.4285714,0.81,0.12
Breitbarth et al. (2007),403,Trichodesmium erythraeum,35,-76,27,207,2.01,0.74
Chappell & Webb (2010),404,"Trichodesmium erythraeum strain IMS101, CCMP 1985",35,-76,28,207,1.41,0.43
Chappell & Webb (2010),405,Trichodesmium erythraeum strain GBRTRLI101,-16.4,145.6,28,207,0.66,0.09
Boyd et al. (2013),406,Trichodesmium erythraeum 2175,7.5,-49.3,24,207,2.21,NA
Boyd et al. (2013),407,Trichodesmium erythraeum KO4_20,7.5,-49.3,28,207,1.12,0.29
Boyd et al. (2013),408,Trichodesmium erythraeum RL1,-15.1,155,26,207,1.22,0.2
Chappell & Webb (2010),409,Trichodesmium radians strain H94,22.8,-158,26,207,2.06,NA
Renaud et al. (2002),411,Unidentified prymnesiophyte strain NT19,-12.5,130.8,27,20,0.21,NA
Suzuki & Takahashi (1995),413,Nitzschia frigida,74.7,-95.2,NA,434,0.24,0.42
Throndsen (1976),492,Apedinella radians,60.3,5.2,20,65,0.65,0.31
Hulburt (1982),493,Asterionellopsis glacialis,6,-54,31,4440,0.71,0.2
Karentz & Smayda (1984) from Teng (unpubl.),494,Asterionellopsis glacialis,41.6,-71.3,25,4440,0.52,0.08
Meier et al. (2004),495,Calciodinellum albatrosianum Geob*26/5,12.3,-58.3,28.6,126,0.45,0.17
Hulburt (1982),498,Chaetoceros didymus,6,-54,21,2198,1.12,0.69
Hulburt (1982),499,Chaetoceros lorenzianus clone Bermuda,32.3,-64.7,30,12660,0.49,0.19
Hulburt (1982),500,Chaetoceros lorenzianus clone Bushehr,28.9,50.8,21,12660,1,0.48
Hulburt (1982),501,Chaetoceros lorenzianus clone Slope water,38.4,-73.4,27,12660,0.45,0.19
Baek et al. (2008),502,Neoceratium fusus,35.2,139.4,26,49087,1.45,0.5
Miller & Kamykowski (1986),503,Pseudo-nitzschia americana,34,-77.9,25,18,1,0.31
Hulburt (1982),504,Rhizosolenia setigera,41.9,-70.3,9,755,0.98,0.25
Hulburt (1982),505,Thalassionema nitzschioides,41.9,-70.3,20.3,424,0.36,0.05
Mackey et al. (2013),506,Synechococcus CCMP837,33.7,-67.5,18,0.27,9.69,NA
Mackey et al. (2013),507,Synechococcus CCMP1183,7.5,134.5,24,0.27,1.15,0.53
Mackey et al. (2013),508,Synechococcus CCMP1379,-14.9,-148.7,NA,0.27,1.02,0.2
Mackey et al. (2013),509,Synechococcus CCMP1630,40.8,13.9,NA,0.27,1.08,0.16
Mackey et al. (2013),510,Synechococcus CCMP1632,36.8,118.7,21,0.27,2.42,NA
Mackey et al. (2013),511,Synechococcus WH8102,22.5,-65.6,21,0.27,2.91,NA
Mackey et al. (2013),512,Synechococcus CCMP2606,15.3,72.6,NA,0.27,1.67,0.21
Mackey et al. (2013),513,Synechococcus PCC7002,18,-67,NA,0.27,0.91,0.23
