Detailed Parameter,Simple Parameter,Specific Metric,Reference,General Taxon/Grouping,Heterotroph or Autotroph,Species,Resource General,Resource Species,Temp Range,Number of Temps Measured,Evidence of temperature dependence,Activation energy,Error,Error Metric,Model Used,Single species or multiple,Where to find in paper,Evidence that temp dependence differs between species,Notes,More notes,Their Data or Dataset?
resource growth rate (r: intrinsic growth rate),resource growth rate,intrinsic growth rate,Savage et al. (2004). Effects of body size and temperature on population growth. American Naturalist: 163(3): 429-441,Algae,autotroph,Algae,,,NA,NA,Yes,0.53,0.22,95% CI,Arrhenius,multiple species,"From page 436
E=0.53 (given as -0.53)",,,,dataset
resource growth rate (r: intrinsic growth rate),resource growth rate,intrinsic growth rate,"Lasfar et al. (2007). Intrinsic growth rate: A new approach to evaluate the effects of temperature, photoperiod and phosphorus–nitrogen concentrations on duckweed growth under controlled eutrophication. Water Research: 41(11): 2333-2340
Activation energy calculated by: Dell et al. (2011). Systematic variation in the temperature dependence of physiological and ecological traits. PNAS: 108(26): 10591-10596",Duckweed,autotroph,Lemna minor,,,5-35,12,Yes,1.09,NA,NA,Arrhenius,single species,"From Dell et al. (2011) Table S3
E=1.09",,"The original paper uses a different model for temperature dependence, which they calculated model parameters for. (see Table 1 in Lasfar et al. (2007))",,"their data, part of Dell et al. (2011) dataset"
resource growth rate (µ: specific growth rate),resource growth rate,specific growth rate,"Bouterfas et al. (2002). Light and temperature effects on the growth rate of three freshwater algae isolated from a eutrophic lake. Hydrobiologia: 489(1): 207-217
Activation energy calculated by: Dell et al. (2011). See full reference above",Algae,autotroph,Coelastrum microporum,,,15-35,5,Yes,0.5,NA,NA,Arrhenius,single species,"From Dell et al. (2011) Table S3
E=0.5 (Coelastrum)
E=0.34 (Selenastrum)
No E given for Cosmarium. It says the fit was not significant",Perhaps. It is not noted if the values of E differ significantly between species or not.,Q10 values are provided in the original paper (see Table 2 in Bouterfas et al. (2002)),,"their data, part of Dell et al. (2011) dataset"
resource growth rate (µ: specific growth rate),resource growth rate,specific growth rate,"Bouterfas et al. (2002). Light and temperature effects on the growth rate of three freshwater algae isolated from a eutrophic lake. Hydrobiologia: 489(1): 207-217
Activation energy calculated by: Dell et al. (2011). See full reference above",Algae,autotroph,Selenastrum minutum,,,15-35,5,Yes,0.34,NA,NA,Arrhenius,single species,"From Dell et al. (2011) Table S3
E=0.5 (Coelastrum)
E=0.34 (Selenastrum)
No E given for Cosmarium. It says the fit was not significant",Perhaps. It is not noted if the values of E differ significantly between species or not.,Q10 values are provided in the original paper (see Table 2 in Bouterfas et al. (2002)),,"their data, part of Dell et al. (2011) dataset"
resource growth rate (µ: specific growth rate),resource growth rate,specific growth rate,"Dauta et al. (1990). Growth rate of four freshwater algae in relation to light and temperature. Hydrobiologia: 207(1): 221-226
Activation energy calculated by: Dell et al. (2011). See full reference above",Algae,autotroph,Chlorella vulgaris,,,10-35,6,Yes,0.39,NA,NA,Arrhenius,single species,"From Dell et al. (2011) Table S3
E=0.39 (Chlorella)
E=0.47 (Fragilaria)
E=0.56 (Staurastrum)
E=0.36 (Synechocystis)",Perhaps. It is not noted if the values of E differ significantly between species or not.,Q10 values are provided in the original paper (see Table 1 in Dauta et al. (1990)),,"their data, part of Dell et al. (2011) dataset"
resource growth rate (µ: specific growth rate),resource growth rate,specific growth rate,"Dauta et al. (1990). Growth rate of four freshwater algae in relation to light and temperature. Hydrobiologia: 207(1): 221-226
Activation energy calculated by: Dell et al. (2011). See full reference above",Algae,autotroph,Fragilaria crotonensis,,,10-35,6,Yes,0.47,NA,NA,Arrhenius,single species,"From Dell et al. (2011) Table S3
E=0.39 (Chlorella)
E=0.47 (Fragilaria)
E=0.56 (Staurastrum)
E=0.36 (Synechocystis)",Perhaps. It is not noted if the values of E differ significantly between species or not.,Q10 values are provided in the original paper (see Table 1 in Dauta et al. (1990)),,"their data, part of Dell et al. (2011) dataset"
resource growth rate (µ: specific growth rate),resource growth rate,specific growth rate,"Dauta et al. (1990). Growth rate of four freshwater algae in relation to light and temperature. Hydrobiologia: 207(1): 221-226
Activation energy calculated by: Dell et al. (2011). See full reference above",Algae,autotroph,Staurastrum pingue,,,10-35,6,Yes,0.56,NA,NA,Arrhenius,single species,"From Dell et al. (2011) Table S3
E=0.39 (Chlorella)
E=0.47 (Fragilaria)
E=0.56 (Staurastrum)
E=0.36 (Synechocystis)",Perhaps. It is not noted if the values of E differ significantly between species or not.,Q10 values are provided in the original paper (see Table 1 in Dauta et al. (1990)),,"their data, part of Dell et al. (2011) dataset"
resource growth rate (µ: specific growth rate),resource growth rate,specific growth rate,"Dauta et al. (1990). Growth rate of four freshwater algae in relation to light and temperature. Hydrobiologia: 207(1): 221-226
Activation energy calculated by: Dell et al. (2011). See full reference above",Algae,autotroph,Synechocystis minima,,,10-35,6,Yes,0.36,NA,NA,Arrhenius,single species,"From Dell et al. (2011) Table S3
E=0.39 (Chlorella)
E=0.47 (Fragilaria)
E=0.56 (Staurastrum)
E=0.36 (Synechocystis)",Perhaps. It is not noted if the values of E differ significantly between species or not.,Q10 values are provided in the original paper (see Table 1 in Dauta et al. (1990)),,"their data, part of Dell et al. (2011) dataset"
resource growth rate (µ: specific growth rate),resource growth rate,specific growth rate,Bestion et al. (2018). Metabolic traits predict the effects of warming on phytoplankton competition. Ecology Letters: 21: 655-664,Algae,autotroph,Ankistrodesmus nannoselene,,,15-25,3,Yes,0.27,0.05,SE,Arrhenius,single species,"From Table S4A
E=0.27 (Ankistrodesmus)
E=0.16 (Chlamydomonas)
E=0.99 (Chlorella)
E=0.59 (Monoraphidium)
E=0.00 (Scenedesmus)
E=0.90 (Raphidocelis)",Yes: E differs singnificantly between some of the species,Activation energies for µ between 15 and 25°C. Fig. 1b shows relationship between µ and temp for a greater range of temperatures.,They used the maximum value of µ under nutrient saturated conditions to calculate E ,their data
resource growth rate (µ: specific growth rate),resource growth rate,specific growth rate,Bestion et al. (2018). Metabolic traits predict the effects of warming on phytoplankton competition. Ecology Letters: 21: 655-664,Algae,autotroph,Chlamydomonas moewusii,,,15-25,3,Yes,0.16,0.08,SE,Arrhenius,single species,"From Table S4A
E=0.27 (Ankistrodesmus)
E=0.16 (Chlamydomonas)
E=0.99 (Chlorella)
E=0.59 (Monoraphidium)
E=0.00 (Scenedesmus)
E=0.90 (Raphidocelis)",Yes: E differs singnificantly between some of the species,Activation energies for µ between 15 and 25°C. Fig. 1b shows relationship between µ and temp for a greater range of temperatures.,They used the maximum value of µ under nutrient saturated conditions to calculate E ,their data
resource growth rate (µ: specific growth rate),resource growth rate,specific growth rate,Bestion et al. (2018). Metabolic traits predict the effects of warming on phytoplankton competition. Ecology Letters: 21: 655-664,Algae,autotroph,Chlorella sorokiniana,,,15-25,3,Yes,0.99,0.08,SE,Arrhenius,single species,"From Table S4A
E=0.27 (Ankistrodesmus)
E=0.16 (Chlamydomonas)
E=0.99 (Chlorella)
E=0.59 (Monoraphidium)
E=0.00 (Scenedesmus)
E=0.90 (Raphidocelis)",Yes: E differs singnificantly between some of the species,Activation energies for µ between 15 and 25°C. Fig. 1b shows relationship between µ and temp for a greater range of temperatures.,They used the maximum value of µ under nutrient saturated conditions to calculate E ,their data
resource growth rate (µ: specific growth rate),resource growth rate,specific growth rate,Bestion et al. (2018). Metabolic traits predict the effects of warming on phytoplankton competition. Ecology Letters: 21: 655-664,Algae,autotroph,Monoraphidium minutum,,,15-25,3,Yes,0.59,0.1,SE,Arrhenius,single species,"From Table S4A
E=0.27 (Ankistrodesmus)
E=0.16 (Chlamydomonas)
E=0.99 (Chlorella)
E=0.59 (Monoraphidium)
E=0.00 (Scenedesmus)
E=0.90 (Raphidocelis)",Yes: E differs singnificantly between some of the species,Activation energies for µ between 15 and 25°C. Fig. 1b shows relationship between µ and temp for a greater range of temperatures.,They used the maximum value of µ under nutrient saturated conditions to calculate E ,their data
resource growth rate (µ: specific growth rate),resource growth rate,specific growth rate,Bestion et al. (2018). Metabolic traits predict the effects of warming on phytoplankton competition. Ecology Letters: 21: 655-664,Algae,autotroph,Scenedesmus obliquus,,,15-25,3,No,0,0.08,SE,Arrhenius,single species,"From Table S4A
E=0.27 (Ankistrodesmus)
E=0.16 (Chlamydomonas)
E=0.99 (Chlorella)
E=0.59 (Monoraphidium)
E=0.00 (Scenedesmus)
E=0.90 (Raphidocelis)",Yes: E differs singnificantly between some of the species,Activation energies for µ between 15 and 25°C. Fig. 1b shows relationship between µ and temp for a greater range of temperatures.,They used the maximum value of µ under nutrient saturated conditions to calculate E ,their data
resource growth rate (µ: specific growth rate),resource growth rate,specific growth rate,Bestion et al. (2018). Metabolic traits predict the effects of warming on phytoplankton competition. Ecology Letters: 21: 655-664,Algae,autotroph,Raphidocelis subcapitata,,,15-25,3,Yes,0.9,0.19,SE,Arrhenius,single species,"From Table S4A
E=0.27 (Ankistrodesmus)
E=0.16 (Chlamydomonas)
E=0.99 (Chlorella)
E=0.59 (Monoraphidium)
E=0.00 (Scenedesmus)
E=0.90 (Raphidocelis)",Yes: E differs singnificantly between some of the species,Activation energies for µ between 15 and 25°C. Fig. 1b shows relationship between µ and temp for a greater range of temperatures.,They used the maximum value of µ under nutrient saturated conditions to calculate E ,their data
"resource growth rate (µ: they don't call it specific growth rate, but that's what it seems to be)",resource growth rate,,Kremer et al. (2017). Temperature- and size-scaling of phytoplankton population growth rates: Reconciling the Eppley curve and the metabolic theory of ecology. Limnology and Oceanography: 62(4): 1658-1670,Phytoplankton,autotroph,Phytoplankton,,,,,Yes,0.3,0.068,95% CI,Arrhenius,multiple species,"**Dataset overlap: uses Thomas et al. (2012)
From page 1663 text and Table 2
E=0.30","Page 1664 text states that no significant interaction was found between E and functional group, suggesting that the activation energy is consistent across species",,,"dataset:
Makes use of a previously compiled dataset:
Thomas et al. (2012)."
"resource growth rate (unclear to me, see notes)",resource growth rate,,Liu et al. (2019). Marine phytoplankton in subtropical coastal waters showing lower thermal sensitivity than microzooplankton. Limnology and Oceanography: 64(3): 1103-1119,Phytoplankton,autotroph,micro-phytoplankton,,,"ambient-7 to ambient+3 (summer)

ambient-5 to ambient+5 (other seasons)",5,Yes,0.52,0.19,95% CI,Arrhenius,multiple species,"From Table 1 (EO station)
E=0.52",Probably: E appears to differ somewhat between size classes of phyoplankton (Fig. 5),They mention the calculation of a few different growth rates and I'm not sure which one their calculation of E is based on,This value of E is from a linear mixed effects model. Values for E from an OLS regression are available in Table 1,their data
"resource growth rate (unclear to me, see notes)",resource growth rate,,Liu et al. (2019). Marine phytoplankton in subtropical coastal waters showing lower thermal sensitivity than microzooplankton. Limnology and Oceanography: 64(3): 1103-1119,Phytoplankton,autotroph,nano-phytoplankton,,,"ambient-7 to ambient+3 (summer)

ambient-5 to ambient+5 (other seasons)",5,Yes,0.43,0.14,95% CI,Arrhenius,multiple species,"From Table 1 (EO station)
E=0.43",Probably: E appears to differ somewhat between size classes of phyoplankton (Fig. 5),They mention the calculation of a few different growth rates and I'm not sure which one their calculation of E is based on,This value of E is from a linear mixed effects model. Values for E from an OLS regression are available in Table 1,their data
"resource growth rate (unclear to me, see notes)",resource growth rate,,Liu et al. (2019). Marine phytoplankton in subtropical coastal waters showing lower thermal sensitivity than microzooplankton. Limnology and Oceanography: 64(3): 1103-1119,Phytoplankton,autotroph,pico-phytoplankton,,,"ambient-7 to ambient+3 (summer)

ambient-5 to ambient+5 (other seasons)",5,Yes,0.31,0.15,95% CI,Arrhenius,multiple species,"From Table 1 (EO station)
E=0.31",Probably: E appears to differ somewhat between size classes of phyoplankton (Fig. 5),They mention the calculation of a few different growth rates and I'm not sure which one their calculation of E is based on,This value of E is from a linear mixed effects model. Values for E from an OLS regression are available in Table 1,their data
"resource growth rate (unclear to me, see notes)",resource growth rate,,Liu et al. (2019). Marine phytoplankton in subtropical coastal waters showing lower thermal sensitivity than microzooplankton. Limnology and Oceanography: 64(3): 1103-1119,Phytoplankton,autotroph,Synechococcus,,,"ambient-7 to ambient+3 (summer)

ambient-5 to ambient+5 (other seasons)",5,Yes,0.58,0.22,95% CI,Arrhenius,single species (maybe),"From Table 1 (EO station)
E=0.58",Probably: E appears to differ somewhat between size classes of phyoplankton (Fig. 5),They mention the calculation of a few different growth rates and I'm not sure which one their calculation of E is based on,This value of E is from a linear mixed effects model. Values for E from an OLS regression are available in Table 1,their data
"resource growth rate (unclear to me, see notes)",resource growth rate,,Liu et al. (2019). Marine phytoplankton in subtropical coastal waters showing lower thermal sensitivity than microzooplankton. Limnology and Oceanography: 64(3): 1103-1119,Phytoplankton,autotroph,Picoeukaryotes,,,"ambient-7 to ambient+3 (summer)

ambient-5 to ambient+5 (other seasons)",5,Yes,0.38,0.09,95% CI,Arrhenius,multiple species,"From Table 1 (EO station)
E=0.38",Probably: E appears to differ somewhat between size classes of phyoplankton (Fig. 5),They mention the calculation of a few different growth rates and I'm not sure which one their calculation of E is based on,This value of E is from a linear mixed effects model. Values for E from an OLS regression are available in Table 1,their data
"resource growth rate (unclear to me, see notes)",resource growth rate,,Liu et al. (2019). Marine phytoplankton in subtropical coastal waters showing lower thermal sensitivity than microzooplankton. Limnology and Oceanography: 64(3): 1103-1119,Phytoplankton,autotroph,micro-phytoplankton,,,"ambient-7 to ambient+3 (summer)

ambient-5 to ambient+5 (other seasons)",5,Yes,0.34,0.09,95% CI,Arrhenius,multiple species,"From Table 1 (WE station)
E=0.34",Probably: E appears to differ somewhat between size classes of phyoplankton (Fig. 5),They mention the calculation of a few different growth rates and I'm not sure which one their calculation of E is based on,This value of E is from a linear mixed effects model. Values for E from an OLS regression are available in Table 1,their data
"resource growth rate (unclear to me, see notes)",resource growth rate,,Liu et al. (2019). Marine phytoplankton in subtropical coastal waters showing lower thermal sensitivity than microzooplankton. Limnology and Oceanography: 64(3): 1103-1119,Phytoplankton,autotroph,nano-phytoplankton,,,"ambient-7 to ambient+3 (summer)

ambient-5 to ambient+5 (other seasons)",5,Yes,0.63,0.22,95% CI,Arrhenius,multiple species,"From Table 1 (WE station)
E=0.63",Probably: E appears to differ somewhat between size classes of phyoplankton (Fig. 5),They mention the calculation of a few different growth rates and I'm not sure which one their calculation of E is based on,This value of E is from a linear mixed effects model. Values for E from an OLS regression are available in Table 1,their data
"resource growth rate (unclear to me, see notes)",resource growth rate,,Liu et al. (2019). Marine phytoplankton in subtropical coastal waters showing lower thermal sensitivity than microzooplankton. Limnology and Oceanography: 64(3): 1103-1119,Phytoplankton,autotroph,pico-phytoplankton,,,"ambient-7 to ambient+3 (summer)

ambient-5 to ambient+5 (other seasons)",5,Yes,0.43,0.18,95% CI,Arrhenius,multiple species,"From Table 1 (WE station)
E=0.43",Probably: E appears to differ somewhat between size classes of phyoplankton (Fig. 5),They mention the calculation of a few different growth rates and I'm not sure which one their calculation of E is based on,This value of E is from a linear mixed effects model. Values for E from an OLS regression are available in Table 1,their data
"resource growth rate (unclear to me, see notes)",resource growth rate,,Liu et al. (2019). Marine phytoplankton in subtropical coastal waters showing lower thermal sensitivity than microzooplankton. Limnology and Oceanography: 64(3): 1103-1119,Phytoplankton,autotroph,Synechococcus,,,"ambient-7 to ambient+3 (summer)

ambient-5 to ambient+5 (other seasons)",5,Yes,0.54,0.13,95% CI,Arrhenius,single species (maybe),"From Table 1 (WE station)
E=0.54",Probably: E appears to differ somewhat between size classes of phyoplankton (Fig. 5),They mention the calculation of a few different growth rates and I'm not sure which one their calculation of E is based on,This value of E is from a linear mixed effects model. Values for E from an OLS regression are available in Table 1,their data
"resource growth rate (unclear to me, see notes)",resource growth rate,,Liu et al. (2019). Marine phytoplankton in subtropical coastal waters showing lower thermal sensitivity than microzooplankton. Limnology and Oceanography: 64(3): 1103-1119,Phytoplankton,autotroph,Picoeukaryotes,,,"ambient-7 to ambient+3 (summer)

ambient-5 to ambient+5 (other seasons)",5,Yes,0.48,0.13,95% CI,Arrhenius,multiple species,"From Table 1 (WE station)
E=0.48",Probably: E appears to differ somewhat between size classes of phyoplankton (Fig. 5),They mention the calculation of a few different growth rates and I'm not sure which one their calculation of E is based on,This value of E is from a linear mixed effects model. Values for E from an OLS regression are available in Table 1,their data
resource growth rate (nutrient-enriched growth rate),resource growth rate,nutrient-enriched growth rate,Chen et al. (2012). Does warming enhance the effect of microzooplankton grazing on marine phytoplankton in the ocean? Limnology and Oceanography: 57(2): 519-526,Phytoplankton,autotroph,Phytoplankton,,,,,Yes,0.36,0.05,95% CI,Arrhenius,multiple species,"From page 522
E=0.36 (see notes)",,"There's a lot of fairly technical language in this paper that I'm not familiar with. As such, I'm not totally confident that I understand the process by which they arrived at this value of E.",,"dataset:
Builds upon a dataset from:
Calbet and Landry (2004)"
resource growth rate (nutrient-enriched growth rate),resource growth rate,nutrient-enriched growth rate,Chen & Liu (2015). Responses of autotrophic and heterotrophic rates of plankton from a subtropical coastal site to short-term temperature modulations. Marine Ecology Progress Series: 527: 59-71,Phytoplankton,autotroph,Synechococcus (measured by flow cytometry),,,ambient-4 to ambient+5,5,Yes,0.71,0.11,SE,Arrhenius,single species (maybe),"From Table 2
E=0.71",,"They only ever give the genus name, so this could potentially be multiple species of Synechococcus",,their data
resource growth rate (nutrient-enriched growth rate),resource growth rate,nutrient-enriched growth rate,Chen & Liu (2015). Responses of autotrophic and heterotrophic rates of plankton from a subtropical coastal site to short-term temperature modulations. Marine Ecology Progress Series: 527: 59-71,Phytoplankton,autotroph,Synechococcus (measured by high-performance liquid chromatography),,,ambient-4 to ambient+5,5,Yes,0.46,0.08,SE,Arrhenius,single species (maybe),"From Table 2
E=0.46",,"They only ever give the genus name, so this could potentially be multiple species of Synechococcus",,their data
resource growth rate (nutrient-enriched growth rate),resource growth rate,nutrient-enriched growth rate,Chen & Liu (2015). Responses of autotrophic and heterotrophic rates of plankton from a subtropical coastal site to short-term temperature modulations. Marine Ecology Progress Series: 527: 59-71,Phytoplankton,autotroph,Picoeukaryotes,,,ambient-4 to ambient+5,5,Yes,0.6,0.1,SE,Arrhenius,multiple species,"From Table 2
E=0.60",,,,their data
resource growth rate (nutrient-enriched growth rate),resource growth rate,nutrient-enriched growth rate,Chen & Liu (2015). Responses of autotrophic and heterotrophic rates of plankton from a subtropical coastal site to short-term temperature modulations. Marine Ecology Progress Series: 527: 59-71,Phytoplankton,autotroph,Diatoms,,,ambient-4 to ambient+5,5,Yes,0.59,0.07,SE,Arrhenius,multiple species,"From Table 2
E=0.59",,,,their data
resource growth rate (nutrient-enriched growth rate),resource growth rate,nutrient-enriched growth rate,Chen & Liu (2015). Responses of autotrophic and heterotrophic rates of plankton from a subtropical coastal site to short-term temperature modulations. Marine Ecology Progress Series: 527: 59-71,Phytoplankton,autotroph,Prasinophytes,,,ambient-4 to ambient+5,5,Yes,0.52,0.07,SE,Arrhenius,multiple species,"From Table 2
E=0.52",,,,their data
resource growth rate (nutrient-enriched growth rate),resource growth rate,nutrient-enriched growth rate,Chen & Liu (2015). Responses of autotrophic and heterotrophic rates of plankton from a subtropical coastal site to short-term temperature modulations. Marine Ecology Progress Series: 527: 59-71,Phytoplankton,autotroph,Cryptophytes,,,ambient-4 to ambient+5,5,Yes,0.54,0.12,SE,Arrhenius,multiple species,"From Table 2
E=0.54",,,,their data
resource growth rate (nutrient-enriched growth rate),resource growth rate,nutrient-enriched growth rate,Chen & Liu (2015). Responses of autotrophic and heterotrophic rates of plankton from a subtropical coastal site to short-term temperature modulations. Marine Ecology Progress Series: 527: 59-71,Phytoplankton,autotroph,Dinoflagellates,,,ambient-4 to ambient+5,5,Yes,0.38,0.1,SE,Arrhenius,multiple species,"From Table 2
E=0.38",,,,their data
resource growth rate (nutrient-enriched growth rate),resource growth rate,nutrient-enriched growth rate,Chen & Liu (2015). Responses of autotrophic and heterotrophic rates of plankton from a subtropical coastal site to short-term temperature modulations. Marine Ecology Progress Series: 527: 59-71,Phytoplankton,autotroph,Green algae,,,ambient-4 to ambient+5,5,Yes,0.61,0.1,SE,Arrhenius,multiple species,"From Table 2
E=0.61",,,,their data
resource growth rate,resource growth rate,,"Aspaly et al. (2007). Temperature-dependent population growth of three species of stored product mites (Acari: Acaridida). Experimental and Applied Acarology: 42(1): 37-46
Activation energy calculated in: Dell et al. (2011) See full reference above",Mite,heterotroph,Acarus siro (adult),,,5-35,12,Yes,1.93,,,Arrhenius,single species,From Table S3 in Dell et al. (2011),,"r was calculated exclusively from initial and final population sizes, density dependence was not considered",,"their data, part of Dell et al. (2011) dataset"
resource growth rate,resource growth rate,,"Aspaly et al. (2007). Temperature-dependent population growth of three species of stored product mites (Acari: Acaridida). Experimental and Applied Acarology: 42(1): 37-46
Activation energy calculated in: Dell et al. (2011) See full reference above",Mite,heterotroph,Aleuroglyphus ovatus (adult),,,5-35,12,Yes,1.74,,,Arrhenius,single species,From Table S3 in Dell et al. (2011),,"r was calculated exclusively from initial and final population sizes, density dependence was not considered",,"their data, part of Dell et al. (2011) dataset"
resource growth rate,resource growth rate,,"Aspaly et al. (2007). Temperature-dependent population growth of three species of stored product mites (Acari: Acaridida). Experimental and Applied Acarology: 42(1): 37-46
Activation energy calculated in: Dell et al. (2011) See full reference above",Mite,heterotroph,Tyrophagus putrescentiae (adult),,,10-35,11,Yes,1.37,,,Arrhenius,single species,From Table S3 in Dell et al. (2011),,"r was calculated exclusively from initial and final population sizes, density dependence was not considered",temp range starts at 10 rather than 5 like the other two species in the study due to consecutive growth rates of 0 at 5 and 10 degrees. ,"their data, part of Dell et al. (2011) dataset"
resource growth rate,resource growth rate,,Dell et al. (2011). Systematic variation in the temperature dependence of physiological and ecological traits. PNAS: 108(26): 10591-10596,Aphid,heterotroph,Aphis gossypii (adult),,,10-30,5,Yes,0.91,,,Arrhenius,single species,From Table S3,,"I was not able to access the original paper, but I did check the calculation from the BioTraits database",,dataset
resource growth rate,resource growth rate,maximum doubling rate,"Bronikowski et al. (2001). Evolutionary adaptation to temperature. VIII. Effects of temperature on growth rate in natural isolates of Escherichia coli and Salmonella enterica from different thermal environments. Evolution: 55(1): 33-40
Activation energy calculated in: Dell et al. (2011) See full reference above",Proteobacteria,heterotroph,Escherichia coli,,,10-45,11,Yes,0.45,,,Arrhenius,single species,From Table S3 in Dell et al. (2011),,,,"their data, part of Dell et al. (2011) dataset"
resource growth rate,resource growth rate,maximum doubling rate,"Bronikowski et al. (2001). Evolutionary adaptation to temperature. VIII. Effects of temperature on growth rate in natural isolates of Escherichia coli and Salmonella enterica from different thermal environments. Evolution: 55(1): 33-40
Activation energy calculated in: Dell et al. (2011) See full reference above",Proteobacteria,heterotroph,Salmonella enterica,,,10-43,10,Yes,0.56,,,Arrhenius,single species,From Table S3 in Dell et al. (2011),,,,"their data, part of Dell et al. (2011) dataset"
resource growth rate (asexual reporoduction rate),resource growth rate,asexual reproduction rate,"Ma & Purcell. (2005). Effects of temperature, salinity, and predators on mortality of and colonization by the invasive hydrozoan Moerisia lyonsi. Marine Biology: 147(1): 215-244
Activation energy calculated in: Dell et al. (2011) See full reference above",Hydrozoan,heterotroph,Moerisia lyonsi ,,,10-29,5,Yes,1.56,,,Arrhenius,single species,From Table S3 in Dell et al. (2011),,asexual reproduction rate was measured at a range of salinities. The activation energy calculated by Dell et al. appears to be from just one of those salinities.,,"their data, part of Dell et al. (2011) dataset"
resource growth rate,resource growth rate,,"Rose et al. (2009). Effects of temperature on growth rate and gross growth efficiency of an Antarctic bacterivorous protist. ISME Journal: 3(2): 252-260
Activation energy calculated in: Dell et al. (2011). See full reference above",Protist,heterotroph,Paraphysomonas imperforata,,,0-20,5,Yes,1.04,,,Arrhenius,single species,From Table S3 in Dell et al. (2011),,,,"their data, part of Dell et al. (2011) dataset"
resource growth rate,resource growth rate,specific growth rate,"Caron et al. (1986). Effect of temperature on growth, respiration, and nutrient regeneration by an omnivorous microflagellate. Applied and Environmental Microbiology: 52(6): 1340-1347
Activation energy calculated in: Dell et al. (2011) See full reference above",Protist,heterotroph,Paraphysomonas imperforata,,,14-26,4,Yes,0.65,,,Arrhenius,single species,From Table S3 in Dell et al. (2011),,Q10 was calculated in the original study (Fig. 2),,"their data, part of Dell et al. (2011) dataset"
resource growth rate,resource growth rate,,"Goldasteh et al. (2009). Effect of temperature on life history and population growth parameters of Planococcus citri (Homoptera, Pseudococcidae) on Coleus (Solenostemon scutellarioides (L.) Codd). Archives of Biological Sciences: 61(2): 329-336
Activation energy calculated in: Dell et al. (2011) See full reference above",Mealybug,heterotroph,Planococcus citri,,,18-32,7,Yes,1.18,,,Arrhenius,single species,From Table S3 in Dell et al. (2011),,,,"their data, part of Dell et al. (2011) dataset"
resource growth rate,resource growth rate,,"Bruce et al. (2009). Host acceptance, suitability, and effects of host deprivation on the West African egg parasitoid Telenomus isis (Hymenoptera: Scelionidae) reared on East African stem-borers under varying temperature and relative humidity regimes. Environmental Entomology: 38(3): 904-919.
Activation energy calculated in: Dell et al. (2011) See full reference above",Parasitoid wasp,heterotroph,Telenomus isis,,,18-32,6,Yes,0.74,,,Arrhenius,single species,From Table S3 in Dell et al. (2011),,,,"their data, part of Dell et al. (2011) dataset"
resource growth rate,resource growth rate,,"Bruce et al. (2009). Host acceptance, suitability, and effects of host deprivation on the West African egg parasitoid Telenomus isis (Hymenoptera: Scelionidae) reared on East African stem-borers under varying temperature and relative humidity regimes. Environmental Entomology: 38(3): 904-919.
Activation energy calculated in: Dell et al. (2011) See full reference above",Parasitoid wasp,heterotroph,Telenomus isis,,,18-32,6,Yes,0.95,,,Arrhenius,single species,From Table S3 in Dell et al. (2011),,,,"their data, part of Dell et al. (2011) dataset"
resource growth rate,resource growth rate,,"Bruce et al. (2009). Host acceptance, suitability, and effects of host deprivation on the West African egg parasitoid Telenomus isis (Hymenoptera: Scelionidae) reared on East African stem-borers under varying temperature and relative humidity regimes. Environmental Entomology: 38(3): 904-919.
Activation energy calculated in: Dell et al. (2011) See full reference above",Parasitoid wasp,heterotroph,Telenomus isis,,,18-32,6,Yes,0.75,,,Arrhenius,single species,From Table S3 in Dell et al. (2011),,,,"their data, part of Dell et al. (2011) dataset"
resource growth rate,resource growth rate,,"Bruce et al. (2009). Host acceptance, suitability, and effects of host deprivation on the West African egg parasitoid Telenomus isis (Hymenoptera: Scelionidae) reared on East African stem-borers under varying temperature and relative humidity regimes. Environmental Entomology: 38(3): 904-919.
Activation energy calculated in: Dell et al. (2011) See full reference above",Parasitoid wasp,heterotroph,Telenomus isis,,,18-32,6,Yes,0.98,,,Arrhenius,single species,From Table S3 in Dell et al. (2011),,,,"their data, part of Dell et al. (2011) dataset"
resource growth rate,resource growth rate,,"Bruce et al. (2009). Host acceptance, suitability, and effects of host deprivation on the West African egg parasitoid Telenomus isis (Hymenoptera: Scelionidae) reared on East African stem-borers under varying temperature and relative humidity regimes. Environmental Entomology: 38(3): 904-919.
Activation energy calculated in: Dell et al. (2011) See full reference above",Parasitoid wasp,heterotroph,Telenomus isis,,,18-32,6,Yes,0.87,,,Arrhenius,single species,From Table S3 in Dell et al. (2011),,,,"their data, part of Dell et al. (2011) dataset"
resource growth rate,resource growth rate,,"Kuo et al. (2006). Temperature-dependent development and population growth of Tetraneura nigriabdominalis (Homoptera: Pemphigidae) on three host plants. Journal of Economic Entomology: 99(4): 1209-1213
Activation energy calculated in: Dell et al. (2011) See full reference above",Aphid,heterotroph,Tetraneura nigriabdominalis,,,10-30,5,Yes,0.87,,,Arrhenius,single species,From Table S3 in Dell et al. (2011),,,,"their data, part of Dell et al. (2011) dataset"
resource growth rate,resource growth rate,,"Weisse et al. (2002). Interactive effect of temperature and food concentration on growth rate: A test case using the small freshwater ciliate Urotricha farcta.Limnology and Oceanography: 47(5): 1447-1455
Activation energy calculated in: Dell et al. (2011). See full reference above",Cilliate,heterotroph,Urotricha farcta,,,9-24,6,Yes,0.6,,,Arrhenius,single species,From Table S3 in Dell et al. (2011),,,,"their data, part of Dell et al. (2011) dataset"
K: resource carrying capacity,resource carrying capacity,carrying capacity,"Bernhardt et al. (2018). Metabolic theory and the temperature-size rule explain the
temperature dependence of population carrying capacity. American Naturalist: 192(6): 687-697",Phytoplankton,autotroph,Tetraselmis tetrahele,,,5-25,4,Yes,-0.34,0.03,95% CI,Arrhenius,single species,"From Table 1
E=-0.34 (accounting for size change with temp)",,This activation energy accounts for changing body size with temperature,,their data
K: resource carrying capacity,resource carrying capacity,carrying capacity,"Bernhardt et al. (2018). Metabolic theory and the temperature-size rule explain the
temperature dependence of population carrying capacity. American Naturalist: 192(6): 687-697",Phytoplankton,autotroph,Tetraselmis tetrahele,,,5-25,4,Yes,-0.22,0.04,95% CI,Arrhenius,single species,"From Table 1
E=-0.22 (without accounting for size change with temp)",,This activation energy does not account for changing body size,,their data
K: resource carrying capacity,resource carrying capacity,maximum population density,"Alto & Juliano (2001). Temperature effects on the dynamics of Aedes albopictus (Diptera: Culicidae) populations in the laboratory. Journal of Medical Entomology: 38(4): 548-556
Activation energy calculated in: Fussman et al. (2014). Ecological stability in response to warming. Nature Climate Chang: 4(3): 206-210",Mosquito,heterotroph,Aedes albopictus (adult),,,22-24,3,Yes,-1.38,0.36,SE,Arrhenius,single species,From Supplementary Table 4 in Fussman et al. (2014),,"food for larvae was provided only once at the beginning of the experiment and not replaced, so max population density was followed by a decline due to food shortage",,"their data, part of Fussman et al. (2014) dataset"
K: resource carrying capacity,resource carrying capacity,maximum population density,"Greene & Jezeski (1954). Influence of temperature on the development of several psychrophilic bacteria of dairy
origin. Applied Microbiology: 2(2): 110-117
Activation energy calculated in: Fussman et al. (2014). See full reference above",Bacteria,heterotroph,Aerobacter aerogenes,,,0-35,7,Yes,-0.71,0.18,SE,Arrhenius,single species,From Supplementary Table 4 in Fussman et al. (2014),,"measurements at 10°C were terminated before the end of stationary phase, so the maximum counts at this temp could be underestimates",,"their data, part of Fussman et al. (2014) dataset"
K: resource carrying capacity,resource carrying capacity,maximum population density,"Greene & Jezeski (1954). Influence of temperature on the development of several psychrophilic bacteria of dairy
origin. Applied Microbiology: 2(2): 110-117
Activation energy calculated in: Fussman et al. (2014). See full reference above",Bacteria,heterotroph,Pseudomonas sp. strain #92,,,0-30,6,Yes,-0.68,0.51,SE,Arrhenius,single species,From Supplementary Table 4 in Fussman et al. (2014),,"measurements at 10°C were terminated before the end of stationary phase, so the maximum counts at this temp could be underestimates","the two Pseudomonas strains may be switched, Fussman et al. call them 1 and 2, rather than the numbers used here and in the original publication","their data, part of Fussman et al. (2014) dataset"
K: resource carrying capacity,resource carrying capacity,maximum population density,"Greene & Jezeski (1954). Influence of temperature on the development of several psychrophilic bacteria of dairy
origin. Applied Microbiology: 2(2): 110-117
Activation energy calculated in: Fussman et al. (2014). See full reference above",Bacteria,heterotroph,Pseudomonas sp. strain #69,,,0-30,6,Yes,-0.29,0.25,SE,Arrhenius,single species,From Supplementary Table 4 in Fussman et al. (2014),,"measurements at 10°C were terminated before the end of stationary phase, so the maximum counts at this temp could be underestimates","the two Pseudomonas strains may be switched, Fussman et al. call them 1 and 2, rather than the numbers used here and in the original publication","their data, part of Fussman et al. (2014) dataset"
K: resource carrying capacity,resource carrying capacity,maximum population density,"Zanoni et al. (1993). Modeling the growth of Enterococcus faecium in
bologna sausage. Applied and Environmental Microbiology: 59(10): 3411-3417
Activation energy calculated in: Fussman et al. (2014). See full reference above",Bacteria,heterotroph,Enterococcus faecium,,,6-50,10,Yes,-0.9,0.34,SE,Arrhenius,single species,From Supplementary Table 4 in Fussman et al. (2014),,,,"their data, part of Fussman et al. (2014) dataset"
K: resource carrying capacity,resource carrying capacity,maximum population density,"Zwietering et al. (1991). Modeling of bacterial growth as a function of temperature. Applied and Environmental Microbiology: 57(4): 1094-1101
Activation energy calculated in: Fussman et al. (2014). See full reference above",Bacteria,heterotroph,Lactobacillus plantarum,,,21.5-40,9,Yes,-0.67,0.15,SE,Arrhenius,single species,From Supplementary Table 4 in Fussman et al. (2014),,I'm not sure exactly where they found the data in the original paper. Maybe they contacted the authors?,,"their data, part of Fussman et al. (2014) dataset"
m: consumer mortality rate,mortality rate,mortality rate,McCoy & Gillooly (2008). Predicting natural mortality rates of plants and animals. Ecology Letters: 11: 710-716,Invertebrates,heterotroph,Invertebrates,,,,,Yes,0.47,0.29,95% CI,Arrhenius,multiple species,"**Dataset overlap: uses Pauly (1980)
From Corrigendum (see notes) Table 1
E=0.47 (invertebrates)
(given as -0.47)",,"A corrigendum was published in 2009 to correct for some misreported data, which altered the estimations of E for fish and invertebrates.",,"dataset:
Built upon the dataset from Pauly (1980)"
m: consumer mortality rate,mortality rate,mortality rate,Bevacqua et al. (2011). Intra-specific scaling of natural mortality in fish: the paradigmatic case of the European eel. Oecologia: 165(2): 333-339,Fish: Eel,heterotroph,Anguilla anguilla,,,8-18 (mean annual temps from multiple studies),7,Yes,1.22,0.5,90% CI,Arrhenius,single species,"From page 337 text
E=1.2
(1.22- males, 1.24- females (p.336))",,This activation energy is for males,,dataset
m: consumer mortality rate,mortality rate,mortality rate,Bevacqua et al. (2011). Intra-specific scaling of natural mortality in fish: the paradigmatic case of the European eel. Oecologia: 165(2): 333-339,Fish: Eel,heterotroph,Anguilla anguilla,,,8-18 (mean annual temps from multiple studies),6,Yes,1.24,0.44,90% CI,Arrhenius,single species,"From page 337 text
E=1.2
(1.22- males, 1.24- females (p.336))",,This activation energy is for females,,dataset
m: consumer mortality rate,mortality rate,longevity,"Benider et al. (2002). Growth of Moina macrocopa (Straus 1820) (Crustacea, Cladocera): influence of trophic conditions, population density and temperature. Hydrobiologia: 468(1):1-11
Activation energy calculated in: Dell et al. (2011) See full reference above",Cladocera,heterotroph,Moina macrocopa (adult),Algae,Chlorella sorokiniana,15-30,5,Yes,0.43,,,Arrhenius,single species,From Table S3 in Dell et al. (2011),,"It appears that mortality was either calculated as 1/longevity for each temp, or an arrhenius model was used to determine E of longevity and the sign (+/-) was switched. The methods are equivalent.",,"their data, part of Dell et al. (2011) dataset"
m: consumer mortality rate,mortality rate,mortality rate,"Chen et al. (1995). Effects of temperature upon ablation-to-molt interval and mortality of red swamp crawfish (Procambarus clarkii) subjected to bilateral eyestalk ablation. Aquaculture: 138(1): 191-204
Activation energy calculated in: Dell et al. (2011) See full reference above",Crayfish,heterotroph,Procambarus clarkii (adult),,,15-30,6,Yes,0.68,,,Arrhenius,single species,From Table S3 in Dell et al. (2011),,"The crayfish in this experiment had their eyestalks removed and many died during molting, so these factors could affect the measured mortality rates",,"their data, part of Dell et al. (2011) dataset"
m: consumer mortality rate,mortality rate,mortality rate,"Chen et al. (1995). Effects of temperature upon ablation-to-molt interval and mortality of red swamp crawfish (Procambarus clarkii) subjected to bilateral eyestalk ablation. Aquaculture: 138(1): 191-204
Activation energy calculated in: Dell et al. (2011) See full reference above",Crayfish,heterotroph,Procambarus clarkii (juvenile),,,15-30,6,Yes,0.66,,,Arrhenius,single species,From Table S3 in Dell et al. (2011),,"The crayfish in this experiment had their eyestalks removed and many died during molting, so these factors could affect the measured mortality rates",,"their data, part of Dell et al. (2011) dataset"
m: consumer mortality rate,mortality rate,mortality rate,Valderrama & Fields. (2017). Flawed evidence supporting the Metabolic Theory of Ecology may undermine goals of ecosystem-based fishery management: the case of invasive Indo-Pacific lionfish in the western Atlantic. ICES Journal of Marine Science: 74(5): 1256-1267,Fish,heterotroph,Fish,,,,,Yes,0.39,0.08,95% CI,Arrhenius,multiple species,"**Dataset overlap: uses Pault (1980)
From Fig.1a",,They recalculated E from the Pauly (1980) dataset because previous studies using the dataset had failed to account for the alterred temperatures for polar fishes,,"dataset:
Compiled by Pauly (1980)"
c: consumption rate (attack rate),consumption rate,attack rate,"Thompson (1978). Towards a realistic predator-prey model: The effect of temperature on functional response and life-history of larvae of damselfly, Ischnura elegans. Journal of Animal Ecology: 47(3): 757-767
Activation energy calculated by: Petchey et al. (2010). Predicting the effects of temperature on food web connectance. Philosophical Transactions of the Royal Society B- Biological Sciences: 365(1549): 2081-2091",Damselfly,heterotroph,Ischnura elegans,,Daphnia magna,5-30,6,Yes,0.509,,,Arrhenius,single species,"From Petchey et al. (2010) Fig. 1e
E=0.509",,"Plots of # prey eaten/prey density are available in the original paper (Fig. 6), showing the response across a range of temperatures.","Fig.1 in Petchey et al. shows log (base 10) transformed attack rate vs. temp in Celsius, but it is noted that the activation energy is calculated from a typically linearized Arrhenius function","their data, part of Petchey et al. (2010) dataset"
c: consumption rate (attack rate),consumption rate,attack rate,"Zhang et al. (1998). Predation of Amblyseius longispinosus (Acari: Phytoseiidae) on Aponychus corpuzae (Acari: Tetranychidae). Systematic and Applied Acarology: 3: 53-58
Activation energy calculated by: Petchey et al. (2010). See full reference above",Mite,heterotroph,Amblyseius longispinosus,Mite,Aponychus corpuzae,15-30,5,"Maybe, maybe not: Zhang et al. found a linear trend, but Petchey et al. determined that the activation energy was not significant",0.152,,,Arrhenius,single species,"From Petchey et al. (2010) Fig. 1f
E=0.152 (but see notes)",,The activation energy was not found to be significantly different from 0,Zhang et al. (1998) calculated linear temperature dependence in the original paper (see Fig. 1). ,"their data, part of Petchey et al. (2010) dataset"
c: consumption rate (attack rate),consumption rate,attack rate,"Zhang et al. (1999). Predation of Amblyseius longispinosus (Acari: Phytoseiidae) on Schizotetranychus nanjingensis (Acari: Tetranychidae), a spider mite injurious to bamboo in Fujian, China
Activation energy calculated by: Petchey et al. (2010). See full reference above",Mite,heterotroph,Amblyseius longispinosus,Mite,Schizotetranychus nanjingensis,15-35,6,Yes,0.432,,,Arrhenius,single species,"From Petchey et al. (2010) Fig 1g
E=0.432",,,,"their data, part of Petchey et al. (2010) dataset"
c: consumption rate (attack rate),consumption rate,attack rate,"Xia et al. (2003). Multistage functional responses in a ladybeetle-aphid system: scaling up from the laboratory to the field. Environmental Entomology: 31(1): 151-162
Activation energy calculated by: Petchey et al. (2010). See full reference above",Ladybug,heterotroph,Coccinella septempunctata,Aphid,Aphis gossypii,5-30,6,Yes,0.572,,,Arrhenius,single species,"From Petchey et al. (2010) Fig 1h
E=0.572",,"Petchey et al. state that they have corrected the data for variation in predator and prey size, but this process is not described or made clear.",,"their data, part of Petchey et al. (2010) dataset"
c: consumption rate (attack rate),consumption rate,attack rate,"Spitze (1985). Functional response of an ambush predator: Chaoborus americanus predation on Daphnia pulex. Ecology: 66(3): 938-949
Activation energy calculated by: Brown et al. (2004). Toward a metabolic theory of ecology. Ecology: 85(7): 1771-1789",Midge,heterotroph,Chaoborus americanus (juvenile),Cladocera,Daphnia pulex,10-20,3,Yes,0.56,,,Arrhenius,single species,"From Brown et al. (2004) Table 1
E=0.56",,Spitze (1985) Fig. 8 shows attack rate vs temperature,,"their data, used in Brown et al. (2004)"
c: consumption rate (attack rate),consumption rate,attack rate,"Eggleston (1990). Behavioural mechanisms underlying variable functional responses of blue crabs, Callinectes sapidus feeding on juvenile oysters, Crassostrea virginica. Journal of Animal Ecology: 59(2): 615-630
Activation energy calculated by: Brown et al. (2004). See full reference above",Crab,heterotroph,Callinectes sapidus,Oyster,Crassostrea virginica,13-27,3,Yes,0.8,,,Arrhenius,single species,"From Brown et al. (2004) Table 1
E=0.80",,,,"their data, used in Brown et al. (2004)"
c: consumption rate (feeding rate coefficient),consumption rate,,"Luecke & O'Brien. (1983). The effect of Heterocope predation on zooplankton communities in arctic ponds. Limnology and Oceanography: 28(2)
Activation energy calculated by: Brown et al. (2004). See full reference above",Copepod,heterotroph,Heterocope septentrionalis,Zooplankton,Zooplankton,5-15,3,Yes,0.81,,,Arrhenius,single species,"From Brown et al. (2004) Table 1
E=0.81",,"Brown et al. (2004) calculate E for ""feeding rate"" but Luecke & O'Brien describe a ""feeding rate coefficient."" The formula for calculating feeding rate coefficient is provided on page 368.",Luecke & O'Brien (1983) Fig.1 shows feeding rate coefficient vs temperature for 5 different prey species.,"their data, used in Brown et al. (2004)"
c: consumption rate (grazing),consumption rate,,"Verity (1985). Grazing, respiration, excretion, and growth rates of tintinnids. Limnology and Oceanography: 30(6): 1268-1282
Activation energy calculated by: Brown et al. (2004). See full reference above",Tintinnids (zooplankton),heterotroph,"Tintinnopsis acuminata,
Tintinnopsis vasculum",Phytoplankton,"Isochrysis galbana and Dicrateria inornata, respectively","5-15 (T. vasculum)
15-25 (T. acuminata)",3 for each species,Yes,0.57,,,Arrhenius,multiple species,"From Brown et al. (2004) Table 1
E=0.57",,"The original paper measures ingestion and clearance rates. It is unclear which of these Brown et al. are using to calculate E as they use the term ""grazing rate""",,"their data, used in Brown et al. (2004)"
c: consumption rate (attack rate),consumption rate,attack rate,Rall et al. (2012). Universal temperature and body-mass scaling of feeding rates. Philosophical Transactions of the Royal Society B- Biological Sciences: 367(1605): 2923-2934,"Unicells, Invertebrates, and Vertebrates",heterotroph,"Unicells, Invertebrates, and Vertebrates",,,,,Yes,0.42,,,Arrhenius,multiple species,"From Table 1 and page 2929 text
E=0.42","Maybe: E was not estimated for individual groups in the most parsimonious model, but was in the full model (see Table 1). However, some of these estimates seem very unusual (eg. E=-37.66 for freshwater unicells)",The estimate of E here is from the most parsimonious model. Estimates of E from other models are available in Table 1,,dataset
c:consumption rate,consumption rate,,Dell et al. (2011). Systematic variation in the temperature dependence of physiological and ecological traits. PNAS: 108(26): 10591-10596,Stonefly,heterotroph,Acroneuria californica (juvenile),Caddisfly,Hydropsyche spp. (juvenile),14-28,8,Yes,0.33,,,Arrhenius,single species,From Table S3,,,,dataset
c:consumption rate,consumption rate,,Dell et al. (2011). Systematic variation in the temperature dependence of physiological and ecological traits. PNAS: 108(26): 10591-10596,Stonefly,heterotroph,Acroneuria californica (juvenile),Caddisfly,Hydropsyche spp. (juvenile),16-28,7,Yes,0.42,,,Arrhenius,single species,From Table S3,,,,dataset
c:consumption rate,consumption rate,,Dell et al. (2011). Systematic variation in the temperature dependence of physiological and ecological traits. PNAS: 108(26): 10591-10596,Stonefly,heterotroph,Acroneuria californica (juvenile),Caddisfly,Hydropsyche spp. (juvenile),6-20,7,Yes,0.62,,,Arrhenius,single species,From Table S3,,,,dataset
c:consumption rate,consumption rate,,Dell et al. (2011). Systematic variation in the temperature dependence of physiological and ecological traits. PNAS: 108(26): 10591-10596,Stonefly,heterotroph,Acroneuria californica (juvenile),Black Fly,Simulium spp. (juvenile),10-24,8,Yes,0.15,,,Arrhenius,single species,From Table S3,,,,dataset
c:consumption rate,consumption rate,,Dell et al. (2011). Systematic variation in the temperature dependence of physiological and ecological traits. PNAS: 108(26): 10591-10596,Beetle,heterotroph,Agonum dorsale (adult),Aphid,Sitobion avenae (juvenile),12.3-23.6,4,Yes,1.15,,,Arrhenius,single species,From Table S3,,,,dataset
c:consumption rate,consumption rate,,Dell et al. (2011). Systematic variation in the temperature dependence of physiological and ecological traits. PNAS: 108(26): 10591-10596,Beetle,heterotroph,Bembidion lampros (adult),Aphid,Rhopalosiphum padi (adult),10-25,4,Yes,0.72,,,Arrhenius,single species,From Table S3,,,,dataset
c:consumption rate,consumption rate,,Dell et al. (2011). Systematic variation in the temperature dependence of physiological and ecological traits. PNAS: 108(26): 10591-10596,Beetle,heterotroph,Carcinops pumilio (adult),House fly,Musca domestica (juvenile),15-33,4,Yes,0.8,,,Arrhenius,single species,From Table S3,,,,dataset
c:consumption rate,consumption rate,,Dell et al. (2011). Systematic variation in the temperature dependence of physiological and ecological traits. PNAS: 108(26): 10591-10596,Crab,heterotroph,Carcinus maenas (adult),Mussel,Mytilus edulis (adult),3.8-17.7,4,Yes,0.77,,,Arrhenius,single species,From Table S3,,,,dataset
c:consumption rate,consumption rate,,Dell et al. (2011). Systematic variation in the temperature dependence of physiological and ecological traits. PNAS: 108(26): 10591-10596,Dragonfly,heterotroph,Celithemis fasciata (juvenile),Midge,Chironomus tentans (juvenile),10-25,4,Yes,0.85,,,Arrhenius,single species,From Table S3,,,,dataset
c:consumption rate,consumption rate,,Dell et al. (2011). Systematic variation in the temperature dependence of physiological and ecological traits. PNAS: 108(26): 10591-10596,Midge,heterotroph,Chaoborus americanus (juvenile),Copepod,Diaptomus kenai (adult),5-20,4,Yes,0.68,,,Arrhenius,single species,From Table S3,,,,dataset
c:consumption rate,consumption rate,,Dell et al. (2011). Systematic variation in the temperature dependence of physiological and ecological traits. PNAS: 108(26): 10591-10596,Midge,heterotroph,Chaoborus trivittatus (juvenile),Copepod,Diaptomus tyrelli (adult),5-20,4,Yes,0.69,,,Arrhenius,single species,From Table S3,,,,dataset
c:consumption rate,consumption rate,,Dell et al. (2011). Systematic variation in the temperature dependence of physiological and ecological traits. PNAS: 108(26): 10591-10596,Fish,heterotroph,Gymnocephalus cernuus (adult),Midge,Chaoborus obscuripes (juvenile),4-20,5,Yes,0.16,,,Arrhenius,single species,From Table S3,,,,dataset
c:consumption rate,consumption rate,,Dell et al. (2011). Systematic variation in the temperature dependence of physiological and ecological traits. PNAS: 108(26): 10591-10596,Fish,heterotroph,Gymnocephalus cernuus (adult),Midge,Chaoborus obscuripes (juvenile),4-20,5,Yes,0.4,,,Arrhenius,single species,From Table S3,,,,dataset
c:consumption rate,consumption rate,,Dell et al. (2011). Systematic variation in the temperature dependence of physiological and ecological traits. PNAS: 108(26): 10591-10596,Beetle,heterotroph,Harpalus rufipes (adult),Aphid,Sitobion avenae (juvenile),12.3-23.6,,Yes,0.89,,,Arrhenius,single species,From Table S3,,,,dataset
c:consumption rate,consumption rate,,Dell et al. (2011). Systematic variation in the temperature dependence of physiological and ecological traits. PNAS: 108(26): 10591-10596,Damselfly,,Ischnura elegans (juvenile),Cladocera,Daphnia magna (adult),,,,,,,,,From Table S3,,"Same as Thompson paper above, calculated in Petchey et al. double check the numbers",,dataset
c:consumption rate,consumption rate,,Dell et al. (2011). Systematic variation in the temperature dependence of physiological and ecological traits. PNAS: 108(26): 10591-10596,Mite,heterotroph,Macrocheles muscaedomesticae (adult),House fly,Musca domestica (juvenile),15-33,4,Yes,0.85,,,Arrhenius,single species,From Table S3,,,,dataset
c:consumption rate,consumption rate,,Dell et al. (2011). Systematic variation in the temperature dependence of physiological and ecological traits. PNAS: 108(26): 10591-10596,Aquatic insect,heterotroph,Naucoris congrex (adult),Mosquito,Culicidae spp. (juvenile),5-25,4,Yes,0.52,,,Arrhenius,single species,From Table S3,,,,dataset
c:consumption rate,consumption rate,,Dell et al. (2011). Systematic variation in the temperature dependence of physiological and ecological traits. PNAS: 108(26): 10591-10596,Aquatic insect,heterotroph,Naucoris congrex (adult),Mosquito,Culicidae spp. (juvenile),5-25,4,Yes,0.53,,,Arrhenius,single species,From Table S3,,,,dataset
c:consumption rate,consumption rate,,Dell et al. (2011). Systematic variation in the temperature dependence of physiological and ecological traits. PNAS: 108(26): 10591-10596,Aquatic insect,heterotroph,Naucoris congrex (adult),Mosquito,Culicidae spp. (juvenile),5-25,4,Yes,0.57,,,Arrhenius,single species,From Table S3,,,,dataset
c:consumption rate,consumption rate,,Dell et al. (2011). Systematic variation in the temperature dependence of physiological and ecological traits. PNAS: 108(26): 10591-10596,Aquatic insect,heterotroph,Naucoris congrex (adult),Mosquito,Culicidae spp. (juvenile),5-25,4,Yes,0.58,,,Arrhenius,single species,From Table S3,,,,dataset
c:consumption rate,consumption rate,,Dell et al. (2011). Systematic variation in the temperature dependence of physiological and ecological traits. PNAS: 108(26): 10591-10596,Aquatic insect,heterotroph,Naucoris congrex (adult),Mosquito,Culicidae spp. (juvenile),5-25,4,Yes,0.6,,,Arrhenius,single species,From Table S3,,,,dataset
c:consumption rate,consumption rate,,Dell et al. (2011). Systematic variation in the temperature dependence of physiological and ecological traits. PNAS: 108(26): 10591-10596,Aquatic insect,heterotroph,Notonecta glauca (adult),Mosquito,Culex pipiens (juvenile),5-25,5,Yes,0.76,,,Arrhenius,single species,From Table S3,,,,dataset
c:consumption rate,consumption rate,,Dell et al. (2011). Systematic variation in the temperature dependence of physiological and ecological traits. PNAS: 108(26): 10591-10596,Aquatic insect,heterotroph,Notonecta glauca (adult),Mosquito,Culex pipiens (juvenile),5-25,5,Yes,1.1,,,Arrhenius,single species,From Table S3,,,,dataset
c:consumption rate,consumption rate,,Dell et al. (2011). Systematic variation in the temperature dependence of physiological and ecological traits. PNAS: 108(26): 10591-10596,Aquatic insect,heterotroph,Notonecta hoffmani (adult),Mosquito,Culex pipiens (juvenile),10-25,4,Yes,1.1,,,Arrhenius,single species,From Table S3,,,,dataset
c:consumption rate,consumption rate,,Dell et al. (2011). Systematic variation in the temperature dependence of physiological and ecological traits. PNAS: 108(26): 10591-10596,Sea snail,heterotroph,Nucella lapillus (adult),Mussel,Mytilus edulis (adult),3-25,8,Yes,0.91,,,Arrhenius,single species,From Table S3,,,,dataset
c:consumption rate,consumption rate,,Dell et al. (2011). Systematic variation in the temperature dependence of physiological and ecological traits. PNAS: 108(26): 10591-10596,True bug,heterotroph,Orius insidiosus (adult),Mite,Panonychus ulmi (adult),18.3-35,4,Yes,0.72,,,Arrhenius,single species,From Table S3,,,,dataset
c:consumption rate,consumption rate,,Dell et al. (2011). Systematic variation in the temperature dependence of physiological and ecological traits. PNAS: 108(26): 10591-10596,Fish,heterotroph,Perca fluviatilis (adult),Midge,Chaoborus obscuripes (juvenile),4-20,5,Yes,0.8,,,Arrhenius,single species,From Table S3,,,,datset
c:consumption rate,consumption rate,,Dell et al. (2011). Systematic variation in the temperature dependence of physiological and ecological traits. PNAS: 108(26): 10591-10596,Fish,heterotroph,Perca fluviatilis (adult),Midge,Chaoborus obscuripes (juvenile),4-20,5,Yes,0.99,,,Arrhenius,single species,From Table S3,,,,datset
c:consumption rate,consumption rate,,Dell et al. (2011). Systematic variation in the temperature dependence of physiological and ecological traits. PNAS: 108(26): 10591-10596,Fish,heterotroph,Perca fluviatilis (adult),Midge,Chaoborus obscuripes (juvenile),12-21,4,Yes,0.46,,,Arrhenius,single species,From Table S3,,,,datset
c:consumption rate,consumption rate,,Dell et al. (2011). Systematic variation in the temperature dependence of physiological and ecological traits. PNAS: 108(26): 10591-10596,Fish,heterotroph,Perca fluviatilis (adult),Midge,Chaoborus obscuripes (juvenile),12-21,4,Yes,0.53,,,Arrhenius,single species,From Table S3,,,,datset
c:consumption rate,consumption rate,,Dell et al. (2011). Systematic variation in the temperature dependence of physiological and ecological traits. PNAS: 108(26): 10591-10596,Mite,heterotroph,Phytoseiulus persimilis (adult),Mite,Tetranychus urticae (adult),15-30,4,Yes,0.46,,,Arrhenius,single species,From Table S3,,,,dataset
c:consumption rate,consumption rate,,Dell et al. (2011). Systematic variation in the temperature dependence of physiological and ecological traits. PNAS: 108(26): 10591-10596,Mite,heterotroph,Phytoseiulus persimilis (adult),Mite,Tetranychus urticae (adult),15-30,4,Yes,0.63,,,Arrhenius,single species,From Table S3,,,,dataset
c:consumption rate,consumption rate,,Dell et al. (2011). Systematic variation in the temperature dependence of physiological and ecological traits. PNAS: 108(26): 10591-10596,Mite,heterotroph,Phytoseiulus persimilis (adult),Mite,Tetranychus urticae (adult),15-30,4,Yes,0.65,,,Arrhenius,single species,From Table S3,,,,dataset
c:consumption rate,consumption rate,,Dell et al. (2011). Systematic variation in the temperature dependence of physiological and ecological traits. PNAS: 108(26): 10591-10596,Mite,heterotroph,Phytoseiulus persimilis (adult),Mite,Tetranychus urticae (adult),15-30,4,Yes,0.74,,,Arrhenius,single species,From Table S3,,,,dataset
c:consumption rate,consumption rate,,Dell et al. (2011). Systematic variation in the temperature dependence of physiological and ecological traits. PNAS: 108(26): 10591-10596,Mite,heterotroph,Phytoseiulus persimilis (adult),Mite,Tetranychus urticae (adult),15-30,4,Yes,0.85,,,Arrhenius,single species,From Table S3,,,,dataset
c:consumption rate,consumption rate,Resource mass consumption rate,Dell et al. (2011). Systematic variation in the temperature dependence of physiological and ecological traits. PNAS: 108(26): 10591-10596,Sea snail,heterotroph,Polinices duplicatus (adult),Clam,Mya arenaria (adult),9.5-23,4,Yes,1.14,,,Arrhenius,single species,From Table S3,,,,dataset
c:consumption rate,consumption rate,Resource mass consumption rate,Dell et al. (2011). Systematic variation in the temperature dependence of physiological and ecological traits. PNAS: 108(26): 10591-10596,Termite,heterotroph,Porotermes adamsoni (adult),Tree,Eucalyptus regnans (adult),11.5-24,4,Yes,0.74,,,Arrhenius,single species,From Table S3,,"I am not able to access the original paper, and the temperature range and number of treatments listed in Dell et al. (2011) does not match the BioTraits database",,dataset
c:consumption rate,consumption rate,Resource mass consumption rate,Dell et al. (2011). Systematic variation in the temperature dependence of physiological and ecological traits. PNAS: 108(26): 10591-10596,Termite,heterotroph,Porotermes adamsoni (adult),Tree,Eucalyptus viminalis (adult),11.5-24,4,Yes,0.65,,,Arrhenius,single species,From Table S3,,"I am not able to access the original paper, and the temperature range and number of treatments listed in Dell et al. (2011) does not match the BioTraits database",,dataset
c:consumption rate,consumption rate,Resource mass consumption rate,Dell et al. (2011). Systematic variation in the temperature dependence of physiological and ecological traits. PNAS: 108(26): 10591-10596,Termite,heterotroph,Porotermes adamsoni (adult),Tree,Pinus radiata (adult),9-26,5,Yes,0.77,,,Arrhenius,single species,From Table S3,,"I am not able to access the original paper, and the temperature range and number of treatments listed in Dell et al. (2011) does not match the BioTraits database",,dataset
c:consumption rate,consumption rate,,Dell et al. (2011). Systematic variation in the temperature dependence of physiological and ecological traits. PNAS: 108(26): 10591-10596,Aquatic insect,heterotroph,Ranatra dispar (adult),Aquatic insect,Anisops deanei (adult),15-30,4,Yes,0.51,,,Arrhenius,single species,From Table S3,,,,dataset
c:consumption rate,consumption rate,,Dell et al. (2011). Systematic variation in the temperature dependence of physiological and ecological traits. PNAS: 108(26): 10591-10596,Aquatic insect,heterotroph,Ranatra dispar (adult),Aquatic insect,Anisops deanei (adult),15-30,4,Yes,0.56,,,Arrhenius,single species,From Table S3,,,,dataset
c:consumption rate,consumption rate,,Dell et al. (2011). Systematic variation in the temperature dependence of physiological and ecological traits. PNAS: 108(26): 10591-10596,Fish,heterotroph,Rutilus rutilus (adult),Midge,Chaoborus obscuripes (juvenile),12-21,4,Yes,0.77,,,Arrhenius,single species,From Table S3,,,,dataset
c:consumption rate,consumption rate,,Dell et al. (2011). Systematic variation in the temperature dependence of physiological and ecological traits. PNAS: 108(26): 10591-10596,Fish,heterotroph,Rutilus rutilus (adult),Midge,Chaoborus obscuripes (juvenile),12-21,4,Yes,0.86,,,Arrhenius,single species,From Table S3,,,,dataset
c:consumption rate,consumption rate,,Dell et al. (2011). Systematic variation in the temperature dependence of physiological and ecological traits. PNAS: 108(26): 10591-10596,Fish,heterotroph,Rutilus rutilus (adult),Midge,Chaoborus obscuripes (juvenile),12-21,4,Yes,0.86,,,Arrhenius,single species,From Table S3,,,,dataset
c:consumption rate,consumption rate,,Dell et al. (2011). Systematic variation in the temperature dependence of physiological and ecological traits. PNAS: 108(26): 10591-10596,Fish,heterotroph,Rutilus rutilus (adult),Midge,Chaoborus obscuripes (juvenile),12-21,4,Yes,0.92,,,Arrhenius,single species,From Table S3,,,,dataset
c:consumption rate,consumption rate,,Dell et al. (2011). Systematic variation in the temperature dependence of physiological and ecological traits. PNAS: 108(26): 10591-10596,Fish,heterotroph,Rutilus rutilus (adult),Midge,Chaoborus obscuripes (juvenile),12-21,4,Yes,0.93,,,Arrhenius,single species,From Table S3,,,,dataset
c:consumption rate,consumption rate,,Dell et al. (2011). Systematic variation in the temperature dependence of physiological and ecological traits. PNAS: 108(26): 10591-10596,Ladybug,heterotroph,Stethorus punctum (adult),Mite,Panonychus ulmi (adult),21-32.5,5,Yes,0.53,,,Arrhenius,single species,From Table S3,,,,dataset
c:consumption rate,consumption rate,,Dell et al. (2011). Systematic variation in the temperature dependence of physiological and ecological traits. PNAS: 108(26): 10591-10596,Ladybug,heterotroph,Stethorus punctum (adult),Mite,Panonychus ulmi (adult),21-32.5,5,Yes,0.58,,,Arrhenius,single species,From Table S3,,,,dataset
c:consumption rate,consumption rate,,Dell et al. (2011). Systematic variation in the temperature dependence of physiological and ecological traits. PNAS: 108(26): 10591-10596,Ladybug,heterotroph,Stethorus punctum (adult),Mite,Panonychus ulmi (adult),21-32.5,5,Yes,0.61,,,Arrhenius,single species,From Table S3,,,,dataset
c:consumption rate,consumption rate,,Dell et al. (2011). Systematic variation in the temperature dependence of physiological and ecological traits. PNAS: 108(26): 10591-10596,Ladybug,heterotroph,Stethorus punctum (adult),Mite,Panonychus ulmi (adult),21-32.5,5,Yes,0.93,,,Arrhenius,single species,From Table S3,,,,dataset
c:consumption rate,consumption rate,,Dell et al. (2011). Systematic variation in the temperature dependence of physiological and ecological traits. PNAS: 108(26): 10591-10596,Sea snail,heterotroph,Urosalpinx cinerea (adult),Oyster,Crassostrea virginica (juvenile),8.3-30,5,Yes,1.18,,,Arrhenius,single species,From Table S3,,,,dataset
w: conversion efficiency (individual growth),conversion efficiency,,"Person Le-Ruyet et al. (2004). Effects of temperature on growth and metabolism in a Mediterranean population of European sea bass, Dicentrarchus labrax. Aquaculture: 237(1): 269-280
Activation energy calculated in: Dell et al. (2011). See full reference above",Fish,heterotroph,Dicentrarchus labrax,dry food pellet,,13.4-28.8,6,Yes,0.39,,,Arrhenius,single species,"From Table S3 in Dell et al. (2011)
E=0.39",,,,"their data, part of Dell et al. (2011) dataset"
w: conversion efficiency (population growth),conversion efficiency,,"Rose et al. (2009). Effects of temperature on growth rate and gross growth efficiency of an Antarctic bacterivorous protist. ISME Journal: 3(2): 252-260
Activation energy calculated in: Dell et al. (2011). See full reference above",Protist,heterotroph,Paraphysomonas imperforata,Proteobacteria,Halomonas marina,0-20,5,Yes,0.23,,,Arrhenius,single species,"From Table S3 in Dell et al. (2011)
E=0.23",,,,"their data, part of Dell et al. (2011) dataset"
w: conversion efficiency (population growth),conversion efficiency,,"Verity (1985). Grazing, respiration, excretion, and growth rates of tintinnids. Limnology and Oceanography: 30(6): 1268-1282",Tintinnids (zooplankton),heterotroph,Tintinnopsis acuminata,Phytoplankton,Isochrysis galbana,,,Yes,-0.44,,,Arrhenius,single species,"I calculated this myself. Data from Table 2 
(I have the code I used to calculate it)",,"Growth increased more slowly with temp than respiration and excretion did, which is the explanation given in the paper for why growth efficiency decreased with temp",Assimilation efficiency was independent of temperature,their data
w: conversion efficiency (population growth),conversion efficiency,,"Verity (1985). Grazing, respiration, excretion, and growth rates of tintinnids. Limnology and Oceanography: 30(6): 1268-1283",Tintinnids (zooplankton),heterotroph,Tintinnopsis vasculum,Phytoplankton,Dicrateria inornata,,,Yes,-0.15,,,Arrhenius,single species,"I calculated this myself. Data from Table 2 
(I have the code I used to calculate it)",,"Growth increased more slowly with temp than respiration and excretion did, which is the explanation given in the paper for why growth efficiency decreased with temp",Assimilation efficiency was independent of temperature,their data
w: conversion efficiency (population biovolume),conversion efficiency,biovolume of consumer produced compared to biovolume of resource consumed,"Caron et al. (1986). Effect of temperature on growth, respiration, and nutrient regeneration by an omnivorous microflagellate. Applied and Environmental Microbiology: 52(6): 1340-1347",Protist,heterotroph,Paraphysomonas imperforata,Diatom,Phaeodactylum tricornutum,14-26,4,No,-0.02,0.04,SE,Arrhenius,single species,"I calculated this myself. Data from Table 5
(I have the code I used to calculate it)",,"They also measured gross growth efficiency based on carbon, which was also not significantly temperature dependent",,their data